target_id,sequence,winner,sequence_clean,seq_len
AR16,MGHHHHHHSHMASSSATLSLCSTFSAHCNVNSRRSSTILCSLSKPSLNLAKPLTGFLSPSTASTSRTAFTVAPKFAESVVEAEPETTDIEAVVVSDVSEVTEEKAKREEIFAVIMVGGRQYIVFPGRYLYTQRLKDANVDDQIVLNKVLLVGTKTHTYIGKPVVTNATVHAVVESQGLNDKVVVFKYKPKKKYRRNIGHRQPNTRIRITGITGYEEYPASPNVAVGEVNL,N,MASSSATLSLCSTFSAHCNVNSRRSSTILCSLSKPSLNLAKPLTGFLSPSTASTSRTAFTVAPKFAESVVEAEPETTDIEAVVVSDVSEVTEEKAKREEIFAVIMVGGRQYIVFPGRYLYTQRLKDANVDDQIVLNKVLLVGTKTHTYIGKPVVTNATVHAVVESQGLNDKVVVFKYKPKKKYRRNIGHRQPNTRIRITGITGYEEYPASPNVAVGEVNL,220
AR22,MGHHHHHHSHMATQGAWLRMTSSAKSMTKSTVTSKELGFLTSQLSGLRISYTPSDVINRISLPSFPGIQPIVARRICPFTGKKANRANKVSFSNHKTKKLQFVNLQYKRVWWEAGKRFVKLRLSTKALKTIEKNGLDAVAKKAGIDLRKK,N,MATQGAWLRMTSSAKSMTKSTVTSKELGFLTSQLSGLRISYTPSDVINRISLPSFPGIQPIVARRICPFTGKKANRANKVSFSNHKTKKLQFVNLQYKRVWWEAGKRFVKLRLSTKALKTIEKNGLDAVAKKAGIDLRKKLE,142
AR2241,MGHHHHHHSHMANSAGSMKEGKHFVLVHGACHGGWSWYKLKPLLEAAGHKVTALDLAASGTDLRKIEELRTLYDYTLPLMELMESLSADEKVILVGHSLGGMNLGLAMEKYPQKIYAAVFLAAFMPDSVHNSSFVLEQYNERTPAENWLDTQFLPYGSPEEPLTSMFFGPKFLAHKLYQLCSPEDLALASSLVRPSSLFMEDLSKAKYFTDERFGSVKRVYIVCTEDKGIPEEFQRWQIDNIGVTEAIEIKGADHMAMLCEPQKLCASLLEIAHKYN,C,MANSAGSMKEGKHFVLVHGACHGGWSWYKLKPLLEAAGHKVTALDLAASGTDLRKIEELRTLYDYTLPLMELMESLSADEKVILVGHSLGGMNLGLAMEKYPQKIYAAVFLAAFMPDSVHNSSFVLEQYNERTPAENWLDTQFLPYGSPEEPLTSMFFGPKFLAHKLYQLCSPEDLALASSLVRPSSLFMEDLSKAKYFTDERFGSVKRVYIVCTEDKGIPEEFQRWQIDNIGVTEAIEIKGADHMAMLCEPQKLCASLLEIAHKYN,267
BR10,MGHHHHHHSHMKLSEIYNFLDQLSPFNIQESWDNSGILLGDRDSEISTVYLSLDIDENIIKEASENSLIITHHPLIFKGLKDLYDKTYPRAFIKEMIYKNISLISMHTNYDLSHLNTYFTEEILGFKISFKDKFLIYVENSMSFEALCDWVKKKLNLQILRVSDCGKKDIKRIAICTGSGGDLISKVDADCFLSGDFKYHQALEALSNQISLIDLGHFESERYFSQCLAKDLKNLPLQVIITVSKNPFQYF,C,MKLSEIYNFLDQLSPFNIQESWDNSGILLGDRDSEISTVYLSLDIDENIIKEASENSLIITHHPLIFKGLKDLYDKTYPRAFIKEMIYKNISLISMHTNYDLSHLNTYFTEEILGFKISFKDKFLIYVENSMSFEALCDWVKKKLNLQILRVSDCGKKDIKRIAICTGSGGDLISKVDADCFLSGDFKYHQALEALSNQISLIDLGHFESERYFSQCLAKDLKNLPLQVIITVSKNPFQYF,241
BR11,MGHHHHHHSHMMKNTVTEASIYEAQGLKDEALEIYKNILKEDPNNQNAIDAVRRLSGFRSKHKDLNTQMLDFFINMKSDEEINEFKRWLIKI,C,MMKNTVTEASIYEAQGLKDEALEIYKNILKEDPNNQNAIDAVRRLSGFRSKHKDLNTQMLDFFINMKSDEEINEFKRWLIKILE,84
BR12,MGHHHHHHSHMRDMGEPKLKIVAMPSDTNPAGNIFGGWILSQIDLAGAIAARELSPERVVTISMDKVVFKEPVFIGDIISCYSKVVNVGNTSISVEVEVTAQRVDSQGCTSCINVTSALVTYVSVTRDGKKNPISEELKRIHGFLNA,C,MRDMGEPKLKIVAMPSDTNPAGNIFGGWILSQIDLAGAIAARELSPERVVTISMDKVVFKEPVFIGDIISCYSKVVNVGNTSISVEVEVTAQRVDSQGCTSCINVTSALVTYVSVTRDGKKNPISEELKRIHGFLNALE,139
BR19,MGHHHHHHSHMNTFGTRLKFTSFGESHGVAVGCIIDGMPAGVKFDEEFLQNELDKRKGGSKFATPRKESDKAQVLSGVFEGYTTGHPIAIVVFNENAHSKDYDNLKDLFRPAHADFTYFYKYGIRDHRGGGRSSARESVARVAGGAVAAMLLREFDICVQSGVFGVGTFVSNLKEEEFDFEFAKKSEIFCLDPKLESDFKNEILNARNSKDSVGAAVFTKVSGMLIGLGEVLYDKLDSKLAHALMGINAVKAVEIGEGINASKMRGSCNNDALKDGKFLSNHSGGILGGISNGENLILKTYFKPTPSIFAKQESIDKFGNNLKFELKGRHDPCVGVRGSVVASAMVRLVLADCLLLNASANLNNLKNAYGLK,C,MNTFGTRLKFTSFGESHGVAVGCIIDGMPAGVKFDEEFLQNELDKRKGGSKFATPRKESDKAQVLSGVFEGYTTGHPIAIVVFNENAHSKDYDNLKDLFRPAHADFTYFYKYGIRDHRGGGRSSARESVARVAGGAVAAMLLREFDICVQSGVFGVGTFVSNLKEEEFDFEFAKKSEIFCLDPKLESDFKNEILNARNSKDSVGAAVFTKVSGMLIGLGEVLYDKLDSKLAHALMGINAVKAVEIGEGINASKMRGSCNNDALKDGKFLSNHSGGILGGISNGENLILKTYFKPTPSIFAKQESIDKFGNNLKFELKGRHDPCVGVRGSVVASAMVRLVLADCLLLNASANLNNLKNAYGLK,362
BR5,MGHHHHHHSHMMLFSNLIKENQKIWNAYLHHDFVKKLEDKSLKQENFLFYLKQDYIYLLNYAKCYARLALNSNTAKELRFAMKFQNYIVEGEMELHRAILSLGINADELDIKDESLVNIAYSRYMLSVGENGDFLDMLVALSACAIGYAKIGAEIINRLKNENLKDHPYKEWILTYGSENFQNEAKEFEDFVNSYTSSVGAQKFQKLSEIFHTVTRLEVAFWEHSLRMELNL,C,MMLFSNLIKENQKIWNAYLHHDFVKKLEDKSLKQENFLFYLKQDYIYLLNYAKCYARLALNSNTAKELRFAMKFQNYIVEGEMELHRAILSLGINADELDIKDESLVNIAYSRYMLSVGENGDFLDMLVALSACAIGYAKIGAEIINRLKNENLKDHPYKEWILTYGSENFQNEAKEFEDFVNSYTSSVGAQKFQKLSEIFHTVTRLEVAFWEHSLRMELNL,222
BR6,MGHHHHHHSHMARVCQITGKGPMVGNNVSHANNKTKRRFLPNLRTVRVTLEDGTTRKMRIAASTLRTLKKQNSK,C,MARVCQITGKGPMVGNNVSHANNKTKRRFLPNLRTVRVTLEDGTTRKMRIAASTLRTLKKQNSKLE,66
BR9,MGHHHHHHSHMFLNLDFQDGLRIVDTHCHLDSEAFKDDLDETLNRAFKNGIEKIIIPGADIKDLPYAATIAHKYKNIFFAAGVHPYEIDNYDEKILRQYLCDEKCVAVGECGLDYFRFKSDLAEEIQKEKENQKKIFIAQLELAIEFKKPVIIHSREANHDTYEILHGYSKDLVGGVLHCFNASEHLLTLFEEGFYFGIGGVLTFKNAKKLVEILPKIPKDKLLLETDAPYLTPEPYRGKRNEPLLTQFVVNKMCEVLNLSRKELLEICFNNSEKLFFKGY,C,MFLNLDFQDGLRIVDTHCHLDSEAFKDDLDETLNRAFKNGIEKIIIPGADIKDLPYAATIAHKYKNIFFAAGVHPYEIDNYDEKILRQYLCDEKCVAVGECGLDYFRFKSDLAEEIQKEKENQKKIFIAQLELAIEFKKPVIIHSREANHDTYEILHGYSKDLVGGVLHCFNASEHLLTLFEEGFYFGIGGVLTFKNAKKLVEILPKIPKDKLLLETDAPYLTPEPYRGKRNEPLLTQFVVNKMCEVLNLSRKELLEICFNNSEKLFFKGY,271
BbR7,MGHHHHHHSHMARKCEITGKKTMFGNNVPRKGLAKKKGGAGQHIGVKTKRTFKVNLINKKFFIPNLGRSVSIKVSANALRSISKIGLDAFLKKNCKKIENFL,C,MARKCEITGKKTMFGNNVPRKGLAKKKGGAGQHIGVKTKRTFKVNLINKKFFIPNLGRSVSIKVSANALRSISKIGLDAFLKKNCKKIENFLLE,94
BcR118,MGHHHHHHSHMRLTGKQTWVFQNDIYVNATGTAVGPKEAEGPLGKKFDISYGDLHCGEENWELAERRLMSDSIQQAVQKGNIKTSQIDFFLAGDLLNQTVTANYVARKWGIPFLGMFSACATSMETLAVGSAFIDGGFANRVLATVSSHNATAERQFRYPTEYGGQKPGTANSTVTGAGSILISNEKSAIKITSATIGKVQDLGITNPLDMGAAMAPAAAHTIQQHFEDLRRSADDYDLIVTGDLSAVGTPIAKQLLLEEGYDLGHIYNDCGLMIYESSQEEVFAGGSGCACSAVVTYGHLLHEMQKGNLQRIFVVATGALLSPMMMQQKETIPTIAHGVVFERVKGE,C,MRLTGKQTWVFQNDIYVNATGTAVGPKEAEGPLGKKFDISYGDLHCGEENWELAERRLMSDSIQQAVQKGNIKTSQIDFFLAGDLLNQTVTANYVARKWGIPFLGMFSACATSMETLAVGSAFIDGGFANRVLATVSSHNATAERQFRYPTEYGGQKPGTANSTVTGAGSILISNEKSAIKITSATIGKVQDLGITNPLDMGAAMAPAAAHTIQQHFEDLRRSADDYDLIVTGDLSAVGTPIAKQLLLEEGYDLGHIYNDCGLMIYESSQEEVFAGGSGCACSAVVTYGHLLHEMQKGNLQRIFVVATGALLSPMMMQQKETIPTIAHGVVFERVKGE,338
BcR215,MGHHHHHHSHMSLKGKRIGFGFTGSHCTYEEVMPHLEKLIAEGAEVRPVVSYTVQSTNTRFGEGAEWIKKIEEITGFKAINSIVGAEPLGPKIPLDCMVIAPLTGNSMSKFANAMTDSPVLMAAKATLRNGKPVVLAVSTNDALGLNGVNLMRLMATKNIYFVPFGQDAPEKKPNSMVARMELLEDTVLEALQGKQLQPVVVEKFRYMN,C,MSLKGKRIGFGFTGSHCTYEEVMPHLEKLIAEGAEVRPVVSYTVQSTNTRFGEGAEWIKKIEEITGFKAINSIVGAEPLGPKIPLDCMVIAPLTGNSMSKFANAMTDSPVLMAAKATLRNGKPVVLAVSTNDALGLNGVNLMRLMATKNIYFVPFGQDAPEKKPNSMVARMELLEDTVLEALQGKQLQPVVVEKFRYMN,199
BhR182,MGHHHHHHSHMIIREATVQDYEEVARLHTQVHEAHVKERGDIFRSNEPTLNPSFFQAAVQGEKSTVLVFVDEREKIGAYSVIHLVQTPLLPTMQQRKTVYISDLCVDETRRGGGIGRLIFEAIISYGKAHQVDAIELDVYDFNDRAKAFYHSLGMRCQKQTMELPL,C,MIIREATVQDYEEVARLHTQVHEAHVKERGDIFRSNEPTLNPSFFQAAVQGEKSTVLVFVDEREKIGAYSVIHLVQTPLLPTMQQRKTVYISDLCVDETRRGGGIGRLIFEAIISYGKAHQVDAIELDVYDFNDRAKAFYHSLGMRCQKQTMELPL,156
BjR71,MGHHHHHHSHMITLYGFGTGFGLPEISPFVTKTEVQLKMAGLPYRKERAMPPASPKGQLPFIDDGGEAVADSTFIRAHIERRYGFDFDAGLSLQERAQAWAFERMIEHHVYWALVGARWVDPINFAKGPSHFFDGAPEHNREKLREDAQFRVAENYLLSGLGRHAPDDDVDLAVRSLFALSVQLGDKAYLMGNKPCGVDATAFGALAGILTPFFESGLRQRAEGFPNLTAYVDRMMDNYYPEFAWTPLRQAA,C,MITLYGFGTGFGLPEISPFVTKTEVQLKMAGLPYRKERAMPPASPKGQLPFIDDGGEAVADSTFIRAHIERRYGFDFDAGLSLQERAQAWAFERMIEHHVYWALVGARWVDPINFAKGPSHFFDGAPEHNREKLREDAQFRVAENYLLSGLGRHAPDDDVDLAVRSLFALSVQLGDKAYLMGNKPCGVDATAFGALAGILTPFFESGLRQRAEGFPNLTAYVDRMMDNYYPEFAWTPLRQAA,242
BlR13,MGHHHHHHSHMSKESVTVAGIDCGTNSIRLKIARVDADGMHEVVPRILRVIRLGQDVDKTHRFADEALERAYVAAREFAGVIAEHPIDGLRFVATSATRDAENREEFEDEIERILGVRPEVIPGTEEADLSFLGATSVVNRDDLPAPYLVVDLGGGSTELVIGGDGVSAPTTQVQGAFSMNIGSVRMTERHLTNDPPTQTQIDEAVADVDEHIDEAFRTVDAGKARTIIGVSGTVTTMTALAMGLKEYDHTVVDGHRLSLEDAYAVDDKFLRMTRVERREYKTIHPGRIDVVGGGAVVWSRVLARVSEAAKADHGEAIDSFVASEHGLLDGIVLDYGRRLLAQ,C,MSKESVTVAGIDCGTNSIRLKIARVDADGMHEVVPRILRVIRLGQDVDKTHRFADEALERAYVAAREFAGVIAEHPIDGLRFVATSATRDAENREEFEDEIERILGVRPEVIPGTEEADLSFLGATSVVNRDDLPAPYLVVDLGGGSTELVIGGDGVSAPTTQVQGAFSMNIGSVRMTERHLTNDPPTQTQIDEAVADVDEHIDEAFRTVDAGKARTIIGVSGTVTTMTALAMGLKEYDHTVVDGHRLSLEDAYAVDDKFLRMTRVERREYKTIHPGRIDVVGGGAVVWSRVLARVSEAAKADHGEAIDSFVASEHGLLDGIVLDYGRRLLAQ,333
BtR209,MGHHHHHHSHMKPTLFLLAAGMGSRYGGLKQLDGLGPNGETIMDYSIYDAINAGFGKLVFVIRKDFEQDFREKIISKYEGHIPCELVFQSIDDLPEGFTCPADRTKPWGTNHAVMMGADVISEPFAVINCDDFYGRDSFQVMGKFLSALPENSKNVYSMVGFRVGNTLSESGTVSRGICSTDANNLLTSVVERTKIQRLDGEVKYIDDNGEWTATPDTTPVSMNFWGFTPDYFAYSEEFFKTFLSDPKNMENLKSEFFIPLMVDKLINDGTATVEVLDTTSKWFGVTYPEDRQSVVDKIQALVDAGEYPAKLF,C,MKPTLFLLAAGMGSRYGGLKQLDGLGPNGETIMDYSIYDAINAGFGKLVFVIRKDFEQDFREKIISKYEGHIPCELVFQSIDDLPEGFTCPADRTKPWGTNHAVMMGADVISEPFAVINCDDFYGRDSFQVMGKFLSALPENSKNVYSMVGFRVGNTLSESGTVSRGICSTDANNLLTSVVERTKIQRLDGEVKYIDDNGEWTATPDTTPVSMNFWGFTPDYFAYSEEFFKTFLSDPKNMENLKSEFFIPLMVDKLINDGTATVEVLDTTSKWFGVTYPEDRQSVVDKIQALVDAGEYPAKLF,303
CfR4,MGHHHHHHSHMENKNSKCVMVIDENLPMGIISNTAAIMGITLGKHAPETVGPDVIDKTGNSHLGIIDIPVPILKGNKEIIKDLRKKLYTLEFNDLTVVDFSDVAQSCNLYEEFTQKIASVPEDELQYFGIAIYGNKKKVNKLTGSMPLLR,C,MENKNSKCVMVIDENLPMGIISNTAAIMGITLGKHAPETVGPDVIDKTGNSHLGIIDIPVPILKGNKEIIKDLRKKLYTLEFNDLTVVDFSDVAQSCNLYEEFTQKIASVPEDELQYFGIAIYGNKKKVNKLTGSMPLLRLE,142
ChR43,MGHHHHHHSHMQREKVDVLVIGAGPAGTVAASLVNKSGFKVKIVEKQKFPRFVIGESLLPRCMEHLDEAGFLDAVKAQGFQQKFGAKFVRGKEIADFNFSDQFSNGWNWTWQVPRGNFDKTLADEAARQGVDVEYEVGVTDIKFFGTDSVTTIEDINGNKREIEARFIIDASGYGRVIPRMFGLDKPSGFESRRTLFTHIKDVKRPVAAEMEGNRITAVVHKPKVWIWVIPFSNGNTSVGFVGEPSYFDEYTGTPEERMRAMIANEGHIAERFKSEEFLFEPRTIEGYAISASKLYGDGFVLTGNATEFLDPIFSSGATFAMESGSKGGKLAVQFLKGEEVNWEKDFVEHMMQGIDTFRSFVTGWYDGTLHAVFFAKNPDPDHKRMICSVLAGYVWDKNNPFVKKHNTILKTLAKVIQMGEEA,C,MQREKVDVLVIGAGPAGTVAASLVNKSGFKVKIVEKQKFPRFVIGESLLPRCMEHLDEAGFLDAVKAQGFQQKFGAKFVRGKEIADFNFSDQFSNGWNWTWQVPRGNFDKTLADEAARQGVDVEYEVGVTDIKFFGTDSVTTIEDINGNKREIEARFIIDASGYGRVIPRMFGLDKPSGFESRRTLFTHIKDVKRPVAAEMEGNRITAVVHKPKVWIWVIPFSNGNTSVGFVGEPSYFDEYTGTPEERMRAMIANEGHIAERFKSEEFLFEPRTIEGYAISASKLYGDGFVLTGNATEFLDPIFSSGATFAMESGSKGGKLAVQFLKGEEVNWEKDFVEHMMQGIDTFRSFVTGWYDGTLHAVFFAKNPDPDHKRMICSVLAGYVWDKNNPFVKKHNTILKTLAKVIQMGEEA,413
CsR93,MGHHHHHHSHMSKRNTQQRRHNIIADLNAQGEVSVDSLAKQFDTSEVTIRKDLAALETSGLLLRRYGGAVALPSEITEAKVDQLSQQKLHIAKKAAMLIRDHNRIIIDSGQTTSALVSELANKKGLVVMTNALSIANEIHALENEPTLLMTGGTWDATSEAFQGQVAEQVLRSYDFDQLFIGADGIDIKRGTTTFNELIGLSRVMAEVAREVIVMVESAKITKKIPNLELNWQQIHTVITDDGLSEEMRIALTEQGVKLIIAKG,C,MSKRNTQQRRHNIIADLNAQGEVSVDSLAKQFDTSEVTIRKDLAALETSGLLLRRYGGAVALPSEITEAKVDQLSQQKLHIAKKAAMLIRDHNRIIIDSGQTTSALVSELANKKGLVVMTNALSIANEIHALENEPTLLMTGGTWDATSEAFQGQVAEQVLRSYDFDQLFIGADGIDIKRGTTTFNELIGLSRVMAEVAREVIVMVESAKITKKIPNLELNWQQIHTVITDDGLSEEMRIALTEQGVKLIIAKG,254
CvR191,MGHHHHHHSHMSEFMQRFADLRDRKAYAEIVDALPYVKLMGTSMAEDEQGELRFELPFLQRNVGNTTLPALHGGLIGGFMESAAMIHLMWNRESLEAPKIVDFSLDYLRPGRPQTLFAQCEITKQGKRVAHVLIEAWQDDRSKPVAVARAHFLLTN,C,MSEFMQRFADLRDRKAYAEIVDALPYVKLMGTSMAEDEQGELRFELPFLQRNVGNTTLPALHGGLIGGFMESAAMIHLMWNRESLEAPKIVDFSLDYLRPGRPQTLFAQCEITKQGKRVAHVLIEAWQDDRSKPVAVARAHFLLTNLE,148
DR56,MGHHHHHHSHMSEKIRVLLYYKYVSIENAQEYAAKHLEFCKSIGLKGRILIADEGINGTVSGDYETTQKYMDWVHSDERFADLWFKIDEENQQAFRKMFVRYKKEIVHLGLEDNNFDSDINPLETTGEYLNPKQFKEALLDEDTVVLDTRNDYEYDLGHFRGAIRPDIRNFRELPQWVRDNKDKFMEKRVVVYCTGGVRCEKFSGWMVREGFKDVGQLHGGIATYGKDPEVQGELWDGAMYVFDDRISVPINHVNPTVISKDYFDGTPCERYVNCANPFCNKQIFASEENETKYVRGCSPECRAHERNRYVQENGLSRQEWAERLEAIGESLPEFVGA,C,MSEKIRVLLYYKYVSIENAQEYAAKHLEFCKSIGLKGRILIADEGINGTVSGDYETTQKYMDWVHSDERFADLWFKIDEENQQAFRKMFVRYKKEIVHLGLEDNNFDSDINPLETTGEYLNPKQFKEALLDEDTVVLDTRNDYEYDLGHFRGAIRPDIRNFRELPQWVRDNKDKFMEKRVVVYCTGGVRCEKFSGWMVREGFKDVGQLHGGIATYGKDPEVQGELWDGAMYVFDDRISVPINHVNPTVISKDYFDGTPCERYVNCANPFCNKQIFASEENETKYVRGCSPECRAHERNRYVQENGLSRQEWAERLEAIGESLPEFVGA,328
ER100,MGHHHHHHSHMDYTLTRIDPNGENDRYPLQKQEIVTDPLEQEVNKNVFMGKLNDMVNWGRKNSIWPYNFGLSCCYVEMVTSFTAVHDVARFGAEVLRASPRQADLMVVAGTCFTKMAPVIQRLYDQMLEPKWVISMGACANSGGMYDIYSVVQGVDKFIPVDVYIPGCPPRPEAYMQALMLLQESIGKERRPLSWVVGDQGVYRANMQSERERKRGERIAVTNLRTPDEI,C,MDYTLTRIDPNGENDRYPLQKQEIVTDPLEQEVNKNVFMGKLNDMVNWGRKNSIWPYNFGLSCCYVEMVTSFTAVHDVARFGAEVLRASPRQADLMVVAGTCFTKMAPVIQRLYDQMLEPKWVISMGACANSGGMYDIYSVVQGVDKFIPVDVYIPGCPPRPEAYMQALMLLQESIGKERRPLSWVVGDQGVYRANMQSERERKRGERIAVTNLRTPDEI,220
ER103,MGHHHHHHSHMKRDELMELIFLGTSAGVPTRTRNVTAILLNLQHPTQSGLWLFDCGEGTQHQLLHTAFNPGKLDKIFISHLHGDHLFGLPGLLCSRSMSGIIQPLTIYGPQGIREFVETALRISGSWTDYPLEIVEIGAGEILDDGLRKVTAYPLEHPLECYGYRIEEHDKPGALNAQALKAAGVPPGPLFQELKAGKTITLEDGRQINGADYLAAPVPGKALAIFGDTGPCDAALDLAKGVDVMVHEATLDITMEAKANSRGHSSTRQAATLAREAGVGKLIITHVSSRYDDKGCQHLLRECRSIFPATELANDFTVFNV,C,MKRDELMELIFLGTSAGVPTRTRNVTAILLNLQHPTQSGLWLFDCGEGTQHQLLHTAFNPGKLDKIFISHLHGDHLFGLPGLLCSRSMSGIIQPLTIYGPQGIREFVETALRISGSWTDYPLEIVEIGAGEILDDGLRKVTAYPLEHPLECYGYRIEEHDKPGALNAQALKAAGVPPGPLFQELKAGKTITLEDGRQINGADYLAAPVPGKALAIFGDTGPCDAALDLAKGVDVMVHEATLDITMEAKANSRGHSSTRQAATLAREAGVGKLIITHVSSRYDDKGCQHLLRECRSIFPATELANDFTVFNV,311
ER107,MGHHHHHHSHMQENQQITKKEQYNLNKLQKRLRRNVGEAIADFNMIEEGDRIMVCLSGGKDSYTMLEILRNLQQSAPINFSLVAVNLDQKQPGFPEHVLPEYLEKLGVEYKIVEENTYGIVKEKIPEGKTTCSLCSRLRRGILYRTATELGATKIALGHHRDDILQTLFLNMFYGGKMKGMPPKLMSDDGKHIVIRPLAYCREKDIQRFADAKAFPIIPCNLCGSQPNLQRQVIADMLRDWDKRYPGRIETMFSAMQNVVPSHLCDTNLFDFKGITHGSEVVNGGDLAFDREEIPLQPACWQPEEDENQLDELRLNVVEVK,N,MQENQQITKKEQYNLNKLQKRLRRNVGEAIADFNMIEEGDRIMVCLSGGKDSYTMLEILRNLQQSAPINFSLVAVNLDQKQPGFPEHVLPEYLEKLGVEYKIVEENTYGIVKEKIPEGKTTCSLCSRLRRGILYRTATELGATKIALGHHRDDILQTLFLNMFYGGKMKGMPPKLMSDDGKHIVIRPLAYCREKDIQRFADAKAFPIIPCNLCGSQPNLQRQVIADMLRDWDKRYPGRIETMFSAMQNVVPSHLCDTNLFDFKGITHGSEVVNGGDLAFDREEIPLQPACWQPEEDENQLDELRLNVVEVK,311
ER185,MKIEEGKLVIWINGDKGYNGLAEVGKKFEKDTGIKVTVEHPDKLEEKFPQVAATGDGPDIIFWAHDRFGGYAQSGLLAEITPDKAFQDKLYPFTWDAVRYNGKLIAYPIAVEALSLIYNKDLLPNPPKTWEEIPALDKELKAKGKSALMFNLQEPYFTWPLIAADGGYAFKYENGKYDIKDVGVDNAGAKAGLTFLVDLIKNKHMNADTDYSIAEAAFNKGETAMTINGPWAWSNIDTSKVNYGVTVLPTFKGQPSKPFVGVLSAGINAASPNKELAKEFLENYLLTDEGLEAVNKDKPLGAVALKSYEEELVKDPRIAATMENAQKGEIMPNIPQMSAFWYAVRTAVINAASGRQTVDEALKDAQTNSSSNNNNNNNNNNLGGSGSGSGSGSGSMVKVIGRRSLGVQRIFDIGLPQYHNFLLANGAIAANSGVHHHHHHHMKKIACLSALAAVLAFTAGTSVAATSTVTGGYAQSDAQGQMNKMGGFNLKYRYEEDNSPLGVIGSFTYTEKSRTASSGDYNKNQYYGITAGPAYRINDWASIYGVVGVGYGKFQTTEYPTYKHDTSDYGFSYGAGLQFNPMENVALDFSYEQSRIRSVDVGTWIAGVGYRF,N,MKIEEGKLVIWINGDKGYNGLAEVGKKFEKDTGIKVTVEHPDKLEEKFPQVAATGDGPDIIFWAHDRFGGYAQSGLLAEITPDKAFQDKLYPFTWDAVRYNGKLIAYPIAVEALSLIYNKDLLPNPPKTWEEIPALDKELKAKGKSALMFNLQEPYFTWPLIAADGGYAFKYENGKYDIKDVGVDNAGAKAGLTFLVDLIKNKHMNADTDYSIAEAAFNKGETAMTINGPWAWSNIDTSKVNYGVTVLPTFKGQPSKPFVGVLSAGINAASPNKELAKEFLENYLLTDEGLEAVNKDKPLGAVALKSYEEELVKDPRIAATMENAQKGEIMPNIPQMSAFWYAVRTAVINAASGRQTVDEALKDAQTNSSSNNNNNNNNNNLGGSGSGSGSGSGSMVKVIGRRSLGVQRIFDIGLPQYHNFLLANGAIAANSGVHHHHHHHMKKIACLSALAAVLAFTAGTSVAATSTVTGGYAQSDAQGQMNKMGGFNLKYRYEEDNSPLGVIGSFTYTEKSRTASSGDYNKNQYYGITAGPAYRINDWASIYGVVGVGYGKFQTTEYPTYKHDTSDYGFSYGAGLQFNPMENVALDFSYEQSRIRSVDVGTWIAGVGYRF,612
ER19,MGHHHHHHSHMSFSCPLCHQPLSREKNSYICPQRHQFDMAKEGYVNLLPVQHKRSRDPGDSAEMMQARRAFLDAGHYQPLRDAIVAQLRERLDDKATAVLDIGCGEGYYTHAFADALPEITTFGLDVSKVAIKAAAKRYPQVTFCVASSHRLPFSDTSMDAIIRIYAPCKAEELARVVKPGGWVITATPGPRHLMELKGLIYNEVHLHAPHAEQLEGFTLQQSAELCYPMRLRGDEAVALLQMTPFAWRAKPEVWQTLAAKEVFDCQTDFNIHLWQRSY,C,MSFSCPLCHQPLSREKNSYICPQRHQFDMAKEGYVNLLPVQHKRSRDPGDSAEMMQARRAFLDAGHYQPLRDAIVAQLRERLDDKATAVLDIGCGEGYYTHAFADALPEITTFGLDVSKVAIKAAAKRYPQVTFCVASSHRLPFSDTSMDAIIRIYAPCKAEELARVVKPGGWVITATPGPRHLMELKGLIYNEVHLHAPHAEQLEGFTLQQSAELCYPMRLRGDEAVALLQMTPFAWRAKPEVWQTLAAKEVFDCQTDFNIHLWQRSY,269
ER20,MGHHHHHHSHMLNSFKLSLQYILPKLWLTRLAGWGASKRAGWLTKLVIDLFVKYYKVDMKEAQKPDTASYRTFNEFFVRPLRDEVRPIDTDPNVLVMPADGVISQLGKIEEDKILQAKGHNYSLEALLAGNYLMADLFRNGTFVTTYLSPRDYHRVHMPCNGILREMIYVPGDLFSVNHLTAQNVPNLFARNERVICLFDTEFGPMAQILVGATIVGSIETVWAGTITPPREGIIKRWTWPAGENDGSVALLKGQEMGRFKLGSTVINLFAPGKVNLVEQLESLSVTKIGQPLAVSTETFVTPDAEPAPLPAEEIEAEHDASPLVDDKKDQV,C,MLNSFKLSLQYILPKLWLTRLAGWGASKRAGWLTKLVIDLFVKYYKVDMKEAQKPDTASYRTFNEFFVRPLRDEVRPIDTDPNVLVMPADGVISQLGKIEEDKILQAKGHNYSLEALLAGNYLMADLFRNGTFVTTYLSPRDYHRVHMPCNGILREMIYVPGDLFSVNHLTAQNVPNLFARNERVICLFDTEFGPMAQILVGATIVGSIETVWAGTITPPREGIIKRWTWPAGENDGSVALLKGQEMGRFKLGSTVINLFAPGKVNLVEQLESLSVTKIGQPLAVSTETFVTPDAEPAPLPAEEIEAEHDASPLVDDKKDQV,322
ER282,MGHHHHHHSHMEGLSMDQVVIFKQIFDKVRNDLNYQWFYSELKRHNVSHYIYYLATENVHIVLKNDNTVLLKGLKNIVSVKFSKDRHLIETTSNKLKSREITFQEYRRNLAKAGVFRWVTNIHEQKRYYYTFDNSLLFTESIQKTTQILPR,C,MEGLSMDQVVIFKQIFDKVRNDLNYQWFYSELKRHNVSHYIYYLATENVHIVLKNDNTVLLKGLKNIVSVKFSKDRHLIETTSNKLKSREITFQEYRRNLAKAGVFRWVTNIHEQKRYYYTFDNSLLFTESIQKTTQILPRLE,143
ER53,MGHHHHHHSHMLACCAIYSPVRCAFPYTETERRFTCKRRIFRIILTLCGRENMKIRALLVAMSVATVLTGCQNMDSNGLLSSGAEAFQAYSLSDAQVKTLSDQACQEMDSKATIAPANSEYAKRLTTIANALGNNINGQPVNYKVYMAKDVNAFAMANGCIRVYSGLMDMMTDNEVEAVIGHEMGHVALGHVKKGMQVALGTNAVRVAAASAGGIVGSLSQSQLGNLGEKLVNSQFSQRQEAEADDYSYDLLRQRGISPAGLATSFEKLAKLEEGRQSSMFDDHPASAERAQHIRDRMSADGIK,C,MLACCAIYSPVRCAFPYTETERRFTCKRRIFRIILTLCGRENMKIRALLVAMSVATVLTGCQNMDSNGLLSSGAEAFQAYSLSDAQVKTLSDQACQEMDSKATIAPANSEYAKRLTTIANALGNNINGQPVNYKVYMAKDVNAFAMANGCIRVYSGLMDMMTDNEVEAVIGHEMGHVALGHVKKGMQVALGTNAVRVAAASAGGIVGSLSQSQLGNLGEKLVNSQFSQRQEAEADDYSYDLLRQRGISPAGLATSFEKLAKLEEGRQSSMFDDHPASAERAQHIRDRMSADGIK,294
ER542,MGHHHHHHSHMNQLTQYTITEQEINQSLAKHNNFSKDIGLPGVADAHIVLTNLTSQIGREEPNKVTLTGDANLDMNSLFGSQKATMKLKLKALPVFDKEKGAIFLKEMEVVDATVQPEKMQTVMQTLLPYLNQALRNYFNQQPAYVLREDGSQGEAMAKKLAKGIEVKPGEIVIPFTD,N,MNQLTQYTITEQEINQSLAKHNNFSKDIGLPGVADAHIVLTNLTSQIGREEPNKVTLTGDANLDMNSLFGSQKATMKLKLKALPVFDKEKGAIFLKEMEVVDATVQPEKMQTVMQTLLPYLNQALRNYFNQQPAYVLREDGSQGEAMAKKLAKGIEVKPGEIVIPFTD,168
ER58,MGHHHHHHSHMKTRIHVVQGDITKLAVDVIVNAANPSLMGGGGVDGAIHRAAGPALLDACLKVRQQQGDCPTGHAVITLAGDLPAKAVVHTVGPVWRGGEQNEDQLLQDAYLNSLRLVAANSYTSVAFPAISTGVYGYPRAAAAEIAVKTVSEFITRHALPEQVYFVCYDEENAHLYERLLTQQGDE,N,MKTRIHVVQGDITKLAVDVIVNAANPSLMGGGGVDGAIHRAAGPALLDACLKVRQQQGDCPTGHAVITLAGDLPAKAVVHTVGPVWRGGEQNEDQLLQDAYLNSLRLVAANSYTSVAFPAISTGVYGYPRAAAAEIAVKTVSEFITRHALPEQVYFVCYDEENAHLYERLLTQQGDE,177
ER77,MGHHHHHHSHMIEKIWSGESPLWRLLLPLSWLYGLVSGAIRLCYKLKLKRAWRAPVPVVVVGNLTAGGNGKTPVVVWLVEQLQQRGIRVGVVSRGYGGKAESYPLLLSADTTTAQAGDEPVLIYQRTDAPVAVSPVRSDAVKAILAQHPDVQIIVTDDGLQHYRLARDVEIVVIDGVRRFGNGWWLPAGPMRERAGRLKSVDAVIVNGGVPRSGEIPMHLLPGQAVNLRTGTRCDVAQLEHVVAMAGIGHPPRFFATLKMCGVQPEKCVPLADHQSLNHADVSALVSAGQTLVMTEKDAVKCRAFAEENWWYLPVDAQLSGDEPAKLLTQLTLLASGN,C,MIEKIWSGESPLWRLLLPLSWLYGLVSGAIRLCYKLKLKRAWRAPVPVVVVGNLTAGGNGKTPVVVWLVEQLQQRGIRVGVVSRGYGGKAESYPLLLSADTTTAQAGDEPVLIYQRTDAPVAVSPVRSDAVKAILAQHPDVQIIVTDDGLQHYRLARDVEIVVIDGVRRFGNGWWLPAGPMRERAGRLKSVDAVIVNGGVPRSGEIPMHLLPGQAVNLRTGTRCDVAQLEHVVAMAGIGHPPRFFATLKMCGVQPEKCVPLADHQSLNHADVSALVSAGQTLVMTEKDAVKCRAFAEENWWYLPVDAQLSGDEPAKLLTQLTLLASGN,328
ER84,MGHHHHHHSHMSRVCQVTGKRPVTGNNRSHALNATKRRFLPNLHSHRFWVESEKRFVTLRVSAKGMRVIDKKGIDTVLAELRARGEKY,C,MSRVCQVTGKRPVTGNNRSHALNATKRRFLPNLHSHRFWVESEKRFVTLRVSAKGMRVIDKKGIDTVLAELRARGEKYLE,80
ET95,MGSSHHHHHHSSGLVPRGSHMASLIQVRDLLALRGRMEAAQISQTLNTPQPMINAMLQQLESMGKAVRIQEEPDGCLSGSCKSCPEGKACLREWWALR,C,MASLIQVRDLLALRGRMEAAQISQTLNTPQPMINAMLQQLESMGKAVRIQEEPDGCLSGSCKSCPEGKACLREWWALRLE,80
EfR105,MGHHHHHHSHMVKIGFFTDTYFPQVSGVATSIKTLKDELEKHGHEVYIFTTTDPNATDFEEDVIRMPSVPFVSFKDRRVVVRGMWYAYLIAKELELDLIHTHTEFGAGILGKMVGKKMKIPVIHTYHTMYEDYLHYIAKGKVVRPSHVKFFSRVFTNHTTGVVCPSERVIEKLRDYGVTAPMRIIPTGIEIDKFLRPDITEEMIAGMRQQLGIEEQQIMLLSLSRISYEKNIQAIIQGLPQVIEKLPQTRLVIVGNGPYLEDLKELAEELEVSEYVQFTGEVPNEEVAIYYKAADYFVSASTSETQGLTYTEAMAAGVQCVAEGNAYLNNLFDHESLGKTFKTDSDFATTLIDYIQANIKMDQTILDEKLFEISSTNFGNKMIEFYQDTLIYFDQLQMEKENADSIKKIKVKFTSLRK,C,MVKIGFFTDTYFPQVSGVATSIKTLKDELEKHGHEVYIFTTTDPNATDFEEDVIRMPSVPFVSFKDRRVVVRGMWYAYLIAKELELDLIHTHTEFGAGILGKMVGKKMKIPVIHTYHTMYEDYLHYIAKGKVVRPSHVKFFSRVFTNHTTGVVCPSERVIEKLRDYGVTAPMRIIPTGIEIDKFLRPDITEEMIAGMRQQLGIEEQQIMLLSLSRISYEKNIQAIIQGLPQVIEKLPQTRLVIVGNGPYLEDLKELAEELEVSEYVQFTGEVPNEEVAIYYKAADYFVSASTSETQGLTYTEAMAAGVQCVAEGNAYLNNLFDHESLGKTFKTDSDFATTLIDYIQANIKMDQTILDEKLFEISSTNFGNKMIEFYQDTLIYFDQLQMEKENADSIKKIKVKFTSLRK,408
EfR167,MGHHHHHHSHMTVKMGFIGFGKSANRYHLPYVMIRETLEVKTIFDLHVNEKAAAPFKEKGVNFTADLNELLTDPEIELITICTPAHTHYDLAKQAILAGKSVIVEKPFCDTLEHAEELFALGQEKGVVVMPYQNRRFDGDYLAMKQVVEQGFLGEINEVETHIDYYRPGSITEQGPKENGSFYGLGIHLMDRMIALFGRPDQVTYDIRNNEVSEAVDNYFDVDLHYGSKLKVKVKTNHSVASPYPRFIVHGSNGSFIKYGEDQQENDLKAGIMPDAPGFGEDSPMYYGEVTYRNGNGDWIKKQIKTPVGDYGRYYDAVYETLKNGAPQLVTKEQALTNIEILEAGFLNPSPSVYHLKEN,N,MTVKMGFIGFGKSANRYHLPYVMIRETLEVKTIFDLHVNEKAAAPFKEKGVNFTADLNELLTDPEIELITICTPAHTHYDLAKQAILAGKSVIVEKPFCDTLEHAEELFALGQEKGVVVMPYQNRRFDGDYLAMKQVVEQGFLGEINEVETHIDYYRPGSITEQGPKENGSFYGLGIHLMDRMIALFGRPDQVTYDIRNNEVSEAVDNYFDVDLHYGSKLKVKVKTNHSVASPYPRFIVHGSNGSFIKYGEDQQENDLKAGIMPDAPGFGEDSPMYYGEVTYRNGNGDWIKKQIKTPVGDYGRYYDAVYETLKNGAPQLVTKEQALTNIEILEAGFLNPSPSVYHLKEN,349
EwR50,MGHHHHHHSHMVKRGMMKLNALALAAAVGFGGVSIAAQAAELPDGPHIVTSGTSSVDATPDIARLAIEVSVSSKDAADAKKQVDARVAQYFDFLGKNGIEKKDINAANLRTQPEYDYLKTGGSVLKGYRAVRQVEVTLRQLDKLNELLDGALKSGLNEIRTVELGVANPETYRDEARKKAIEQATSQAASLAQGFNAKLGPIYSVRYHVANYQPMPMARMFKTADAAAQSEAAQTYEQQTIHFDDQVDVVFELQRTQ,C,MVKRGMMKLNALALAAAVGFGGVSIAAQAAELPDGPHIVTSGTSSVDATPDIARLAIEVSVSSKDAADAKKQVDARVAQYFDFLGKNGIEKKDINAANLRTQPEYDYLKTGGSVLKGYRAVRQVEVTLRQLDKLNELLDGALKSGLNEIRTVELGVANPETYRDEARKKAIEQATSQAASLAQGFNAKLGPIYSVRYHVANYQPMPMARMFKTADAAAQSEAAQTYEQQTIHFDDQVDVVFELQRTQ,247
FR253,MGHHHHHHSHMTDPSKLAVAVVCSSNMNRSMEAHNFLAKKGFNVRSYGTGERVKLPGMAFDKPNVYEFGTKYEDIYRDLESKDKEFYTQNGLLHMLDRNRRIKKCPERFQDTKEQFDIIVTVEERVYDLVVMHMESMESVDNRPVHVLNVDVVDNAEDALMGAFVITDMINMMAKSTDLDNDIDELIQEFEERRKRVILHSVLFY,N,MTDPSKLAVAVVCSSNMNRSMEAHNFLAKKGFNVRSYGTGERVKLPGMAFDKPNVYEFGTKYEDIYRDLESKDKEFYTQNGLLHMLDRNRRIKKCPERFQDTKEQFDIIVTVEERVYDLVVMHMESMESVDNRPVHVLNVDVVDNAEDALMGAFVITDMINMMAKSTDLDNDIDELIQEFEERRKRVILHSVLFY,195
GsR13,MGHHHHHHSHMPKGIALALGLNAVDPKHYGGWAGKLNACEADAEDMAAIAAERGFAVTTLMTKAATRAKVIDAIGKAAKALGKGDIFMLSYSGHGGQVPDTSNDEPDGVDETWCLFDGELIDDELYALLGKFAAGVRVLVFSDSCHSGTVVKMAYYNGTTAARSAGPDEGEIRYRAMPQSVAMRTYRANREFYDTIQQKTKKVDLADVKASILLISGCQDNQLSQDGAFNGAFTGQLLRVWKNGLYKGSYRSFHKAIVRRMPPDQTPNFFTAGTPDPAFLKQRPFTV,C,MPKGIALALGLNAVDPKHYGGWAGKLNACEADAEDMAAIAAERGFAVTTLMTKAATRAKVIDAIGKAAKALGKGDIFMLSYSGHGGQVPDTSNDEPDGVDETWCLFDGELIDDELYALLGKFAAGVRVLVFSDSCHSGTVVKMAYYNGTTAARSAGPDEGEIRYRAMPQSVAMRTYRANREFYDTIQQKTKKVDLADVKASILLISGCQDNQLSQDGAFNGAFTGQLLRVWKNGLYKGSYRSFHKAIVRRMPPDQTPNFFTAGTPDPAFLKQRPFTV,277
GsR197,MGHHHHHHSHMKTIDCRNMACPAPVVTTKRALEEAGGETVRVLVDAGAPRENVARFAANRGFRVAVEEADGGFAITIGSGEGAPSAPAENPARQGRTVMLITSDRLGDGPEDLGRLLMKSFIITLLDQESLPDRMMFLNSGVLLTTEGSEVLQALEQLGNRGVEVLSCGVCLDFFHCKEKLAAGTVTNMFTTAEALLTAGSVIRL,C,MKTIDCRNMACPAPVVTTKRALEEAGGETVRVLVDAGAPRENVARFAANRGFRVAVEEADGGFAITIGSGEGAPSAPAENPARQGRTVMLITSDRLGDGPEDLGRLLMKSFIITLLDQESLPDRMMFLNSGVLLTTEGSEVLQALEQLGNRGVEVLSCGVCLDFFHCKEKLAAGTVTNMFTTAEALLTAGSVIRL,195
HR166,MGHHHHHHSHMFSSSAKIVKPNGEKPDEFESGISQALLELEMNSDLKAQLRELNITAAKEIEVGGGRKAIIIFVPVPQLKSFQKIQVRLVRELEKKFSGKHVVFIAQRRILPKPTRKSRTKNKQKRPRSRTLTAVHDAILEDLVFPSEIVGKRIRVKLDGSRLIKVHLDKAQQNNVEHKVETFSGVYKKLTGKDVNFEFPEFQL,C,MFSSSAKIVKPNGEKPDEFESGISQALLELEMNSDLKAQLRELNITAAKEIEVGGGRKAIIIFVPVPQLKSFQKIQVRLVRELEKKFSGKHVVFIAQRRILPKPTRKSRTKNKQKRPRSRTLTAVHDAILEDLVFPSEIVGKRIRVKLDGSRLIKVHLDKAQQNNVEHKVETFSGVYKKLTGKDVNFEFPEFQL,194
HR178,MGHHHHHHSHMADRLTQLQDAVNSLADQFCNAIGVLQQCGPPASFNNIQTAINKDQPANPTEEYAQLFAALIARTAKDIDVLIDSLPSEESTAALQAASLYKLEEENHEAATCLEDVVYRGDMLLEKIQSALADIAQSQLKTRSGTHSQSLPDS,C,MADRLTQLQDAVNSLADQFCNAIGVLQQCGPPASFNNIQTAINKDQPANPTEEYAQLFAALIARTAKDIDVLIDSLPSEESTAALQAASLYKLEEENHEAATCLEDVVYRGDMLLEKIQSALADIAQSQLKTRSGTHSQSLPDSLE,146
HR199,MGHHHHHHSHMEATLEQHLEDTMKNPSIVGVLCTDSQGLNLGCRGTLSDEHAGVISVLAQQAAKLTSDPTDIPVVCLESDNGNIMIQKHDGITVAVHKMAS,C,MEATLEQHLEDTMKNPSIVGVLCTDSQGLNLGCRGTLSDEHAGVISVLAQQAAKLTSDPTDIPVVCLESDNGNIMIQKHDGITVAVHKMASLE,93
HR200,MGHHHHHHSHMGCFFSKRRKADKESRPENEEERPKQYSWDQREKVDPKDYMFSGLKDETVGRLPGTVAGQQFLIQDCENCNIYIFDHSATVTIDDCTNCIIFLGPVKGSVFFRNCRDCKCTLACQQFRVRDCRKLEVFLCCATQPIIESSSNIKFGCFQWYYPELAFQFKDAGLSIFDNTWSNIHDFTPVSGELNWSLLPEDAVVQDYVPIPTTEELKAVRVSTEANRSIVPISRGQRQKSSDESCLVVLFAGDYTIANARKLIDEMVGKGFFLVQTKEVSMKAEDAQRVFREKAPDFLPLLNKGPVIALEFNGDGAVEVCQLIVNEIFNGTKMFVSESKETASGDVDSFYNFADIQMGI,C,MGCFFSKRRKADKESRPENEEERPKQYSWDQREKVDPKDYMFSGLKDETVGRLPGTVAGQQFLIQDCENCNIYIFDHSATVTIDDCTNCIIFLGPVKGSVFFRNCRDCKCTLACQQFRVRDCRKLEVFLCCATQPIIESSSNIKFGCFQWYYPELAFQFKDAGLSIFDNTWSNIHDFTPVSGELNWSLLPEDAVVQDYVPIPTTEELKAVRVSTEANRSIVPISRGQRQKSSDESCLVVLFAGDYTIANARKLIDEMVGKGFFLVQTKEVSMKAEDAQRVFREKAPDFLPLLNKGPVIALEFNGDGAVEVCQLIVNEIFNGTKMFVSESKETASGDVDSFYNFADIQMGI,350
HR210,MGHHHHHHSHMSIFTPTNQIRLTNVAVVRMKRAGKRFEIACYKNKVVGWRRAWEKDLDEVLQTHSVFVNVSKGQVAKKEDLISAFGTDDQTEICKQILAKGEVQVSDKERHTQLGQMFRDIATFVADKCVNPETKGPYTVILIERAMKDIHYLVKPNKSTKQQALEVIKQLKEKMKIERAHMRLRFILPVNEGKKLKEKLKPLIKVIESEDYGQQLEIVCLIDPGCFREIDELIKKETKGKGSLEVLNLKDVEEGDEKFE,C,MSIFTPTNQIRLTNVAVVRMKRAGKRFEIACYKNKVVGWRRAWEKDLDEVLQTHSVFVNVSKGQVAKKEDLISAFGTDDQTEICKQILAKGEVQVSDKERHTQLGQMFRDIATFVADKCVNPETKGPYTVILIERAMKDIHYLVKPNKSTKQQALEVIKQLKEKMKIERAHMRLRFILPVNEGKKLKEKLKPLIKVIESEDYGQQLEIVCLIDPGCFREIDELIKKETKGKGSLEVLNLKDVEEGDEKFE,250
HR2869A,MGHHHHHHSHMANSMGITTLDDPLGHMPERFDAFICYCPSDIQFVQEMIRQLEQTNYRLKLCVSDRDVLPGTCVWSIASELIEKRCRRMVVVVSDDYLQSKECDFQTKFALSLSPGAHQKRLIPIKYKAMKKEFPSILRFITVCDYTNPCTKSWFWTRLAKALSLP,C,MANSMGITTLDDPLGHMPERFDAFICYCPSDIQFVQEMIRQLEQTNYRLKLCVSDRDVLPGTCVWSIASELIEKRCRRMVVVVSDDYLQSKECDFQTKFALSLSPGAHQKRLIPIKYKAMKKEFPSILRFITVCDYTNPCTKSWFWTRLAKALSLP,156
HR2883,MGHHHHHHSHMKPSGEDQAALAAGPWEECFQAAVQLALRAGQIIRKALTEEKRVSTKTSAADLVTETDHLVEDLIISELRERFPSHRFIAEEAAASGAKCVLTHSPTWIIDPIDGTCNFVHRFPTVAVSIGFAVRQELEFGVIYHCTEERLYTGRRGRGAFCNGQRLRVSGETDLSKALVLTEIGPKRDPATLKLFLSNMERLLHAKAHGVRVIGSSTLALCHLASGAADAYYQFGLHCWDLAAATVIIREAGGIVIDTSGGPLDLMACRVVAASTREMAMLIAQALQTINYGRDDEK,C,MKPSGEDQAALAAGPWEECFQAAVQLALRAGQIIRKALTEEKRVSTKTSAADLVTETDHLVEDLIISELRERFPSHRFIAEEAAASGAKCVLTHSPTWIIDPIDGTCNFVHRFPTVAVSIGFAVRQELEFGVIYHCTEERLYTGRRGRGAFCNGQRLRVSGETDLSKALVLTEIGPKRDPATLKLFLSNMERLLHAKAHGVRVIGSSTLALCHLASGAADAYYQFGLHCWDLAAATVIIREAGGIVIDTSGGPLDLMACRVVAASTREMAMLIAQALQTINYGRDDEK,288
HR2911,MGHHHHHHSHMEPRVTQRKRPLDGCMGKITGITSDILKYDHKCFKLSLPAKFPEVCGSDEVFPDPDLLHVLPVAGSLQQSIDQCCLQLESLCRPGLLCAHPTLLFKLHSSMKNRPFFSLIYTYVKKTQQVRKRDRKPRGQVAAGPNPTSVM,C,MEPRVTQRKRPLDGCMGKITGITSDILKYDHKCFKLSLPAKFPEVCGSDEVFPDPDLLHVLPVAGSLQQSIDQCCLQLESLCRPGLLCAHPTLLFKLHSSMKNRPFFSLIYTYVKKTQQVRKRDRKPRGQVAAGPNPTSVMLE,143
HR2917,MGHHHHHHSHMQNDAGEFVDLYVPRKCSASNRIIGAKDHASIQMNVAEVDKVTGRFNGQFKTYAICGAIRRMGESDDSILRLAKADGIVSKNF,C,MQNDAGEFVDLYVPRKCSASNRIIGAKDHASIQMNVAEVDKVTGRFNGQFKTYAICGAIRRMGESDDSILRLAKADGIVSKNFLE,85
HR2929,MGHHHHHHSHMSGRSVPHAHPATAEYEFANPSRLGEQRFGEGLLPEEILTPTLYHGYYVRPRAAPAGEGSRAGASELRLSEGKFQAFLDVSHFTPDEVTVRTVDNLLEVSARHPQRLDRHGFVSREFCRTYVLPADVDPWRVRAALSHDGILNLEAPRGGRHLDTEVNEVYISLLPAPPDPEEEEEAAIVEP,N,MSGRSVPHAHPATAEYEFANPSRLGEQRFGEGLLPEEILTPTLYHGYYVRPRAAPAGEGSRAGASELRLSEGKFQAFLDVSHFTPDEVTVRTVDNLLEVSARHPQRLDRHGFVSREFCRTYVLPADVDPWRVRAALSHDGILNLEAPRGGRHLDTEVNEVYISLLPAPPDPEEEEEAAIVEP,182
HR2934,MGHHHHHHSHMAAGELEGGKPLSGLLNALAQDTFHGYPGITEELLRSQLYPEVPPEEFRPFLAKMRGILKSIASADMDFNQLEAFLTAQTKKQGGITSDQAAVISKFWKSHKTKIRESLMNQSRWNSGLRGLSWRVDGKSQSRHSAQIHTPVAIIELELGKYGQESEFLCLEFDEVKVNQILKTLSEVEESISTLISQPN,N,MAAGELEGGKPLSGLLNALAQDTFHGYPGITEELLRSQLYPEVPPEEFRPFLAKMRGILKSIASADMDFNQLEAFLTAQTKKQGGITSDQAAVISKFWKSHKTKIRESLMNQSRWNSGLRGLSWRVDGKSQSRHSAQIHTPVAIIELELGKYGQESEFLCLEFDEVKVNQILKTLSEVEESISTLISQPN,190
HR2939,MGHHHHHHSHMAALASSLIRQKREVREPGGSRPVSAQRRVCPRGTKSLCQKQLLILLSKVRLCGGRPARPDRGPEPQLKGIVTKLFCRQGFYLQANPDGSIQGTPEDTSSFTHFNLIPVGLRVVTIQSAKLGHYMAMNAEGLLYSSPHFTAECRFKECVFENYYVLYASALYRQRRSGRAWYLGLDKEGQVMKGNRVKKTKAAAHFLPKLLEVAMYQEPSLHSVPEASPSSPPAP,N,MAALASSLIRQKREVREPGGSRPVSAQRRVCPRGTKSLCQKQLLILLSKVRLCGGRPARPDRGPEPQLKGIVTKLFCRQGFYLQANPDGSIQGTPEDTSSFTHFNLIPVGLRVVTIQSAKLGHYMAMNAEGLLYSSPHFTAECRFKECVFENYYVLYASALYRQRRSGRAWYLGLDKEGQVMKGNRVKKTKAAAHFLPKLLEVAMYQEPSLHSVPEASPSSPPAP,225
HR3000,MGHHHHHHSHMAGGGAGDPGLGAAAAPAPETREHLFKVLVIGELGVGKTSIIKRYVHQLFSQHYRATIGVDFALKVLNWDSRTLVRLQLWDIAGQERFGNMTRVYYKEAVGAFVVFDISRSSTFEAVLKWKSDLDSKVHLPNGSPIPAVLLANKCDQNKDSSQSPSQVDQFCKEHGFAGWFETSAKDNINIEEAARFLVEKILVNHQSFPNEENDVDKIKLDQETLRAENKSQCC,N,MAGGGAGDPGLGAAAAPAPETREHLFKVLVIGELGVGKTSIIKRYVHQLFSQHYRATIGVDFALKVLNWDSRTLVRLQLWDIAGQERFGNMTRVYYKEAVGAFVVFDISRSSTFEAVLKWKSDLDSKVHLPNGSPIPAVLLANKCDQNKDSSQSPSQVDQFCKEHGFAGWFETSAKDNINIEEAARFLVEKILVNHQSFPNEENDVDKIKLDQETLRAENKSQCC,225
HR3086,MGHHHHHHSHMVAHNQVAADNAVSTAAEPRRRPEPSSSSSSSPAAPARPRPCPAVPAPAPGDTHFRTFRSHADYRRITRASALLDACGFYWGPLSVHGAHERLRAEPVGTFLVRDSRQRNCFFALSVKMASGPTSIRVHFQAGRFHLDGSRESFDCLFELLEHYVAAPRRMLGAPLRQRRVRPLQELCRQRIVATVGRENLARIPLNPVLRDYLSSFPFQI,N,MVAHNQVAADNAVSTAAEPRRRPEPSSSSSSSPAAPARPRPCPAVPAPAPGDTHFRTFRSHADYRRITRASALLDACGFYWGPLSVHGAHERLRAEPVGTFLVRDSRQRNCFFALSVKMASGPTSIRVHFQAGRFHLDGSRESFDCLFELLEHYVAAPRRMLGAPLRQRRVRPLQELCRQRIVATVGRENLARIPLNPVLRDYLSSFPFQI,211
HR3141,MGHHHHHHSHMCHSRSCHPTMTILQAPTPAPSTIPGPRRGSGPEIFTFDPLPEPAAAPAGRPSASRGHRKRSRRVLYPRVVRRQLPVEEPNPAKRLLFLLLTIVFCQILMAEEGVPAPLPPEDAPNAASLAPTPVSPVLEPFNLTSEPSDYALDLSTFLQQHPAAF,C,MCHSRSCHPTMTILQAPTPAPSTIPGPRRGSGPEIFTFDPLPEPAAAPAGRPSASRGHRKRSRRVLYPRVVRRQLPVEEPNPAKRLLFLLLTIVFCQILMAEEGVPAPLPPEDAPNAASLAPTPVSPVLEPFNLTSEPSDYALDLSTFLQQHPAAF,156
HR455,MGHHHHHHSHMPKVKRSRKAPPDGWELIEPTLDELDQKMREAETEPHEGKRKVESLWPIFRIHHQKTRYIFDLFYKRKAISRELYEYCIKEGYADKNLIAKWKKQGYENLCCLRCIQTRDTNFGTNCICRVPKSKLEVGRIIECTHCGCRGCSG,C,MPKVKRSRKAPPDGWELIEPTLDELDQKMREAETEPHEGKRKVESLWPIFRIHHQKTRYIFDLFYKRKAISRELYEYCIKEGYADKNLIAKWKKQGYENLCCLRCIQTRDTNFGTNCICRVPKSKLEVGRIIECTHCGCRGCSG,144
HR464,MGHHHHHHSHMTSFQEVPLQTSNFAHVIFQNVAKSYLPNAHLECHYTLTPYIHPHPKDWVGIFKVGWSTARDYYTFLWSPMPEHYVEGSTVNCVLAFQGYYLPNDDGEFYQFCYVTHKGEIRGASTPFQFRASSPVEELLTMEDEGNSDMLVVTTKAGLLE,C,MTSFQEVPLQTSNFAHVIFQNVAKSYLPNAHLECHYTLTPYIHPHPKDWVGIFKVGWSTARDYYTFLWSPMPEHYVEGSTVNCVLAFQGYYLPNDDGEFYQFCYVTHKGEIRGASTPFQFRASSPVEELLTMEDEGNSDMLVVTTKAGLLE,151
HR52,MGHHHHHHSHMKIELSMQPWNPGYSSEGATAQETYTCPKMIEMEQAEAQLAELDLLASMFPGENELIVNDQLAVAELKDCIEKKTMEGRSSKVYFTINMNLDVSDEKMAMFSLACILPFKYPAVLPEITVRSVLLSRSQQTQLNTDLTAFLQKHCHGDVCILNATEWVREHASGYVSRDTSSSPTTGSTVQSVDLIFTRLWIYSHHIYNKCKRKNILEWAKELSLSGFSMPGKPGVVCVEGPQSACEEFWSRLRKLNWKRILIRHREDIPFDGTNDETERQRKFSIFEEKVFSVNGARGNHMDFGQLYQFLNTKGCGDVFQMFFGVEGQ,N,MKIELSMQPWNPGYSSEGATAQETYTCPKMIEMEQAEAQLAELDLLASMFPGENELIVNDQLAVAELKDCIEKKTMEGRSSKVYFTINMNLDVSDEKMAMFSLACILPFKYPAVLPEITVRSVLLSRSQQTQLNTDLTAFLQKHCHGDVCILNATEWVREHASGYVSRDTSSSPTTGSTVQSVDLIFTRLWIYSHHIYNKCKRKNILEWAKELSLSGFSMPGKPGVVCVEGPQSACEEFWSRLRKLNWKRILIRHREDIPFDGTNDETERQRKFSIFEEKVFSVNGARGNHMDFGQLYQFLNTKGCGDVFQMFFGVEGQ,319
HR520,MGHHHHHHSHMANVLCNRARLVSYLPGFCSLVKRVVNPKAFSTAGSSGSDESHVAAAPPDICSRTVWPDETMGPFGPQDQRFQLPGNIGFDCHLNGTASQKKSLVHKTLPDVLAEPLSSERHEFVMAQYVNEFQGNDAPVEQEINSAETYFESARVECAIQTCPELLRKDFESLFPEVANGQTNDSDW,C,MANVLCNRARLVSYLPGFCSLVKRVVNPKAFSTAGSSGSDESHVAAAPPDICSRTVWPDETMGPFGPQDQRFQLPGNIGFDCHLNGTASQKKSLVHKTLPDVLAEPLSSERHEFVMAQYVNEFQGNDAPVEQEINSAETYFESARVECAIQTCPELLRKDFESLFPEVANGQTNDSDW,178
HR521,MGHHHHHHSHMVMYLNMLRTCEGYNEIIFPHCACDSRRKGHVITAISITHFKLHACTEEGQLENQVIAFEWDEMQRWDTDEEGMAFCFEYARGEKKPRWVKIFTPYFNYMHECFERVFCELKWRKEEY,C,MVMYLNMLRTCEGYNEIIFPHCACDSRRKGHVITAISITHFKLHACTEEGQLENQVIAFEWDEMQRWDTDEEGMAFCFEYARGEKKPRWVKIFTPYFNYMHECFERVFCELKWRKEEYLE,120
HR522,MGHHHHHHSHMCGDCVEKEYPNRGNTCLENGSFLLNFTGCAVCSKRDFMLITNKSLKEEDGEEIVTYDPDLCKNCHHVIARHEYTFSIMDEFQEYTMLCLLCAKPKILSVFSLMTPDK,C,MCGDCVEKEYPNRGNTCLENGSFLLNFTGCAVCSKRDFMLITNKSLKEEDGEEIVTYDPDLCKNCHHVIARHEYTFSIMDEFQEYTMLCLLCAKPKILSVFSLMTPDKLE,110
HR524,MGHHHHHHSHMFKVIQRSVGPASLSLLTFKVYAAPKKDSPPKNSVKVDELSLYSVPEGQSKYVEEARSQLEESISQLRHYCEPYTTWCQTAMTISKMHLLDFFPRLGVIGFAGLIGLLLARGSKIKKLVYPPGFMGLAASLYYPQQAIVFAQVSGERLYDWGLRGYIVIEDLWKENFQKPGNVKNSPGTK,C,MFKVIQRSVGPASLSLLTFKVYAAPKKDSPPKNSVKVDELSLYSVPEGQSKYVEEARSQLEESISQLRHYCEPYTTWCQTAMTISKMHLLDFFPRLGVIGFAGLIGLLLARGSKIKKLVYPPGFMGLAASLYYPQQAIVFAQVSGERLYDWGLRGYIVIEDLWKENFQKPGNVKNSPGTK,180
HR6359,MGHHHHHHSHMENFQKVEKIGEGTYGVVYKARNKLTGEVVALKKIRLDTETEGVPSTAIREISLLKELNHPNIVKLLDVIHTENKLYLVFEFLHQDLKKFMDASALTGIPLPLIKSYLFQLLQGLAFCHSHRVLHRDLKPQNLLINTEGAIKLADFGLARAFGVPVRTYTHEVVTLWYRAPEILLGCKYYSTAVDIWSLGCIFAEMVTRRALFPGDSEIDQLFRIFRTLGTPDEVVWPGVTSMPDYKPSFPKWARQDFSKVVPPLDEDGRSLLSQMLHYDPNKRISAKAALAHPFFQDVTKPVPHLRL,N,MENFQKVEKIGEGTYGVVYKARNKLTGEVVALKKIRLDTETEGVPSTAIREISLLKELNHPNIVKLLDVIHTENKLYLVFEFLHQDLKKFMDASALTGIPLPLIKSYLFQLLQGLAFCHSHRVLHRDLKPQNLLINTEGAIKLADFGLARAFGVPVRTYTHEVVTLWYRAPEILLGCKYYSTAVDIWSLGCIFAEMVTRRALFPGDSEIDQLFRIFRTLGTPDEVVWPGVTSMPDYKPSFPKWARQDFSKVVPPLDEDGRSLLSQMLHYDPNKRISAKAALAHPFFQDVTKPVPHLRL,298
HR69,MGHHHHHHSHMRRAELAGLKTMAWVPAESAVEELMPRLLPVEPCDLTEGFDPSVPPRTPQEYLRRVQIEAAQCPDVVVAQIDPKKLKRKQSVNISLSGCQPAPEGYSPTLQWQQQQVAQFSTVRQNVNKHRSHWKSQQLDSNVTMPKSEDEEGWKKFCLGEKLCADGAVGPATNESPGIDYVQIGFPPLLSIVSRMNQATVTSVLEYLSNWFGERDFTPELGRWLYALLACLEKPLLPEAHSLIRQLARRCSEVRLLVDSKDDERVPALNLLICLVSRYFDQRDLADEPS,C,MRRAELAGLKTMAWVPAESAVEELMPRLLPVEPCDLTEGFDPSVPPRTPQEYLRRVQIEAAQCPDVVVAQIDPKKLKRKQSVNISLSGCQPAPEGYSPTLQWQQQQVAQFSTVRQNVNKHRSHWKSQQLDSNVTMPKSEDEEGWKKFCLGEKLCADGAVGPATNESPGIDYVQIGFPPLLSIVSRMNQATVTSVLEYLSNWFGERDFTPELGRWLYALLACLEKPLLPEAHSLIRQLARRCSEVRLLVDSKDDERVPALNLLICLVSRYFDQRDLADEPS,280
HR77,MGHHHHHHSHMKFFVFALVLALMISMISADSHEKRHHGYRRKFHEKHHSHREFPFYGDYGSNYLYDN,N,MKFFVFALVLALMISMISADSHEKRHHGYRRKFHEKHHSHREFPFYGDYGSNYLYDNLE,59
HsR50,MGHHHHHHSHMSPIPLPVTDTDDAWRARIAAHRADKDEFLATHDQSPIPPADRGAFDGLRYFDIDASFRVAARYQPARDPEAVELETTRGPPAEYTRAAVLGFDLGDSHHTLTAFRVEGESSLFVPFTDETTDDGRTYEHGRYLDVDPAGADGGDEVALDFNLAYNPFCAYGGSFSCALPPADNHVPAAITAGERVDAD,C,MSPIPLPVTDTDDAWRARIAAHRADKDEFLATHDQSPIPPADRGAFDGLRYFDIDASFRVAARYQPARDPEAVELETTRGPPAEYTRAAVLGFDLGDSHHTLTAFRVEGESSLFVPFTDETTDDGRTYEHGRYLDVDPAGADGGDEVALDFNLAYNPFCAYGGSFSCALPPADNHVPAAITAGERVDAD,189
IR56,MGHHHHHHSHMPFWYSNSKLIWLLSPFSLLFWLISQLRRALFSLGLKSSYRAPKPVIIVGNLSVGGNGKTPVVVWLMEELKKRGLRVGVISRGYGSKSKTYPLFVTKNTNPIEGGDEPVLIAKRTNAPVVISPNRQQAIELLLSQAECDIIISDDGLQHYQLQRDLEIVVMDAERALGNGFVLPAGPLRELPSRLKSVDFVITNGGKNQYSDAVMRLVPHFAINLKTNEKRQLNEFQSGVAIAGIGNPQRFFTMLEKLGIQLKQTQAFQDHQHFEASQLEKLAENQPLFMTEKDAVKCQSFAKDNWWYVPVDAEIIEAEKQRENLPHFWAKIDKLVEQYRNG,N,MPFWYSNSKLIWLLSPFSLLFWLISQLRRALFSLGLKSSYRAPKPVIIVGNLSVGGNGKTPVVVWLMEELKKRGLRVGVISRGYGSKSKTYPLFVTKNTNPIEGGDEPVLIAKRTNAPVVISPNRQQAIELLLSQAECDIIISDDGLQHYQLQRDLEIVVMDAERALGNGFVLPAGPLRELPSRLKSVDFVITNGGKNQYSDAVMRLVPHFAINLKTNEKRQLNEFQSGVAIAGIGNPQRFFTMLEKLGIQLKQTQAFQDHQHFEASQLEKLAENQPLFMTEKDAVKCQSFAKDNWWYVPVDAEIIEAEKQRENLPHFWAKIDKLVEQYRNG,332
IR66,MGHHHHHHSHMKNMEQQHIEVVGKLGSTYGIRGWLRIYSSTEQAESIFDYQPWFLKIKGEWQSIELENWRYHNHEIIVKLKGVDDREAAQILANVEIGVDLSVFPELEEGDYYWHDLIGCTVVNLEGYTMGTVTEMMETGSNDVLVVKANTKDAFGKQERLIPFLYEQVVKRVDLTTKTIEVDWDAGF,C,MKNMEQQHIEVVGKLGSTYGIRGWLRIYSSTEQAESIFDYQPWFLKIKGEWQSIELENWRYHNHEIIVKLKGVDDREAAQILANVEIGVDLSVFPELEEGDYYWHDLIGCTVVNLEGYTMGTVTEMMETGSNDVLVVKANTKDAFGKQERLIPFLYEQVVKRVDLTTKTIEVDWDAGF,178
IR98,MGHHHHHHSHMLKKYLISLDKDIQRRELFFSQKNTEDFQVFSAINTMQKDWDELAAIFNIEQFKAHYFRNVTKGEIGCTLSHLSVYQKIVEDNDIAEDSYALVCEDDALFHSDFQQNLTALLSEKLEAEIILLGQSKINDFNDFDLEINYPTTFSFLCKKTGDVNYAFPYKSYFAGTVGYLIKKSAARRFIQQISQNKPFWLADDFLLFEQNFNIRNKVVRPLIVIENPVLISNLESVRGSLSNNLLKKLMKYPLKKIFAIKKNLAN,N,MLKKYLISLDKDIQRRELFFSQKNTEDFQVFSAINTMQKDWDELAAIFNIEQFKAHYFRNVTKGEIGCTLSHLSVYQKIVEDNDIAEDSYALVCEDDALFHSDFQQNLTALLSEKLEAEIILLGQSKINDFNDFDLEINYPTTFSFLCKKTGDVNYAFPYKSYFAGTVGYLIKKSAARRFIQQISQNKPFWLADDFLLFEQNFNIRNKVVRPLIVIENPVLISNLESVRGSLSNNLLKKLMKYPLKKIFAIKKNLAN,257
JR19,MAEDEGYPAEVIEIIGRTGTTGDVTQVKVRILEGRDKGRVIRRNVRGPVRVGDILILRETEREAREIKSRRAAALEHHHHHH,C,MAEDEGYPAEVIEIIGRTGTTGDVTQVKVRILEGRDKGRVIRRNVRGPVRVGDILILRETEREAREIKSRR,71
JR20,MGHHHHHHSHMESMKPMYRSRSWRRKYVRTPGGRVVVHFERKKPKIAHCAICGRPLNGIPRGRPVEMRKLPKTKKRPERPMPYLCPRCMRRVMKEQIRSQIMKG,N,MSWRRKYVRTPGGRVVVHFERKKPKIAHCAICGRPLNGIPRGRPVEMRKLPKTKKRPERPMPYLCPRCMRRVMKEQIRSQIMKGLE,86
KR108,MGHHHHHHSHMIFLSTLFWYNKLMNKSTFSLNDTAWVDFYQLQNPRQNENYTFPAIIICPGGGYQHISQRESDPLALAFLAQGYQVLLLNYTVMNKGTNYNFLSQNLEEVQAVFSLIHQNHKEWQINPEQVFLLGCSAGGHLAAWYGNSEQIHRPKGVILCYPVTSFTFGWPSDLSHFNFEIENISEYNISEKVTSSTPPTFIWHTADDEGVPIYNSLKYCDRLSKHQVPFEAHFFESGPHGVSLANRTTAPSDAYCLPSVHRWVSWASDWLERQIKN,C,MIFLSTLFWYNKLMNKSTFSLNDTAWVDFYQLQNPRQNENYTFPAIIICPGGGYQHISQRESDPLALAFLAQGYQVLLLNYTVMNKGTNYNFLSQNLEEVQAVFSLIHQNHKEWQINPEQVFLLGCSAGGHLAAWYGNSEQIHRPKGVILCYPVTSFTFGWPSDLSHFNFEIENISEYNISEKVTSSTPPTFIWHTADDEGVPIYNSLKYCDRLSKHQVPFEAHFFESGPHGVSLANRTTAPSDAYCLPSVHRWVSWASDWLERQIKN,268
LgR69,MGHHHHHHSHMVSLALPDFEFSFATRDEFDRKPVAKKLINILNSNIDISPMVIDGSWGTGKTEFCRKTIKLINDEFNETLICAYIDAFEADHTNDPLIPIVAAISELIEDSSKKIAFLNKAKAIFRYGLKASARASVAWLLRSNTETLDQEFQKELEKAVDEGSQNLVDGVITDYQEAKKDINSLKLILQDLTVEKKLVIFIDELDRCKPDFAIAIIEKIKHVFDVANVKFILVTNYTQMKASVNHCYGLALDAHRYLDKFIKFKFYLPTDKYSNKRKQHVSYHYADQLIRNSDILKAHSRYYLDSRFDLLNNLIIINELSLREISNFILYLELFHTLKSDQFAPDKWYHLSIFIIFILYFKPELREKIRKKDILASELCKFLGINSHIKAKELTHDKDGVSRDIATLIMIFLNDNSIPGYQSDDEEDFKGWLSKLALSTNVGYLELITYIEQFINDIFNEFQFVTK,C,MVSLALPDFEFSFATRDEFDRKPVAKKLINILNSNIDISPMVIDGSWGTGKTEFCRKTIKLINDEFNETLICAYIDAFEADHTNDPLIPIVAAISELIEDSSKKIAFLNKAKAIFRYGLKASARASVAWLLRSNTETLDQEFQKELEKAVDEGSQNLVDGVITDYQEAKKDINSLKLILQDLTVEKKLVIFIDELDRCKPDFAIAIIEKIKHVFDVANVKFILVTNYTQMKASVNHCYGLALDAHRYLDKFIKFKFYLPTDKYSNKRKQHVSYHYADQLIRNSDILKAHSRYYLDSRFDLLNNLIIINELSLREISNFILYLELFHTLKSDQFAPDKWYHLSIFIIFILYFKPELREKIRKKDILASELCKFLGINSHIKAKELTHDKDGVSRDIATLIMIFLNDNSIPGYQSDDEEDFKGWLSKLALSTNVGYLELITYIEQFINDIFNEFQFVTK,457
LgR82,MGHHHHHHSHMVKDIIIASFYKFIPLNDFESLREPILTKMHEIGIKGTIILAHEGVNGGFAGNREQMNVFYDYLRSDSRFADLHFKETYDNKNPFDKAKVKLRKEIVTMGVQKVDPSYNAGTYLSPEEWHQFIQDPNVILLDTRNDYEYELGTFKNAINPDIENFREFPDYVQRNLIDKKDKKIAMFCTGGIRCEKTTAYMKELGFEHVYQLHDGILNYLESIPESESLWEGKCFVFDDRVAVDQKLDRVYPQLPQDYKYEREQK,N,MVKDIIIASFYKFIPLNDFESLREPILTKMHEIGIKGTIILAHEGVNGGFAGNREQMNVFYDYLRSDSRFADLHFKETYDNKNPFDKAKVKLRKEIVTMGVQKVDPSYNAGTYLSPEEWHQFIQDPNVILLDTRNDYEYELGTFKNAINPDIENFREFPDYVQRNLIDKKDKKIAMFCTGGIRCEKTTAYMKELGFEHVYQLHDGILNYLESIPESESLWEGKCFVFDDRVAVDQKLDRVYPQLPQDYKYEREQK,255
LjR16,MGHHHHHHSHMKPTECTTILVGKDATIDGSTMIARSEDGGRTIIPERFDVVMPADQPKHYESVISHQKIDDEDLLPNPLRYTSAPDASGENGIWAAAGINSDNIAMTATETITTNSRIQGIDPLLEKGGLGEEDFVTLTLPYIHSAYEGVERVGYLLEKYGTYEMNGMAFSDKDEIWYLETIGGHHWAARRIPDDAYVIAPNRLNIDEFYFDNDDFASSKDLKDLIEEYHLNPDLEGYNLRHIFGSSTIKDAHYNNPRAWYIHNYFDPNFGGEPSDQDQPFICHANRKISIEDIKWAESSHYQDTPFDAYGDQGTPEQKKTFRPIGINRNFETHILQIRNDVPEEIAGVQWLAFGPNTFNSMVPFYTNITTTPASFQTGPKFDLNKIFWLNKLTAQLGDTNFRVYGELEADFEQKSLAQCHKIQHETDKEIENYSGDELQDKLNKANQKMADTVYNNTVELLGNMVNEGHGLMTLKYDLLD,C,MKPTECTTILVGKDATIDGSTMIARSEDGGRTIIPERFDVVMPADQPKHYESVISHQKIDDEDLLPNPLRYTSAPDASGENGIWAAAGINSDNIAMTATETITTNSRIQGIDPLLEKGGLGEEDFVTLTLPYIHSAYEGVERVGYLLEKYGTYEMNGMAFSDKDEIWYLETIGGHHWAARRIPDDAYVIAPNRLNIDEFYFDNDDFASSKDLKDLIEEYHLNPDLEGYNLRHIFGSSTIKDAHYNNPRAWYIHNYFDPNFGGEPSDQDQPFICHANRKISIEDIKWAESSHYQDTPFDAYGDQGTPEQKKTFRPIGINRNFETHILQIRNDVPEEIAGVQWLAFGPNTFNSMVPFYTNITTTPASFQTGPKFDLNKIFWLNKLTAQLGDTNFRVYGELEADFEQKSLAQCHKIQHETDKEIENYSGDELQDKLNKANQKMADTVYNNTVELLGNMVNEGHGLMTLKYDLLD,471
LpR36,MGHHHHHHSHMKQQLLIVDAYNMIGNWPELNHLKQTDRLPQARDELISMLTEYKKITGLNISLVFDAMYVPGNSKSYRQADLEIIWTSKDQTADSYIEKYAGEKQSRVLQVTVATSDQAEQWVIFSEGALRVPALELRHRVKTALKDVRHTAVRTQDLGAVRKSPWNDDQLSALDQYRQQLERNHVKHHHK,C,MKQQLLIVDAYNMIGNWPELNHLKQTDRLPQARDELISMLTEYKKITGLNISLVFDAMYVPGNSKSYRQADLEIIWTSKDQTADSYIEKYAGEKQSRVLQVTVATSDQAEQWVIFSEGALRVPALELRHRVKTALKDVRHTAVRTQDLGAVRKSPWNDDQLSALDQYRQQLERNHVKHHHK,181
MR1,MGHHHHHHSHMLSAESLKQIDIELAKYPADQRRSAIMGALRIAQTEKGWLAPETIAFVADYIGISPAQAYEVATFYNMYDLEPVGKYKLTVCTNLPCALRGGMATGEYLKQKLGISYGETTPDGKFTLVEGECMGACGDAPVMLLNNHKMCSFMTEEAIEKKLAELE,C,MLSAESLKQIDIELAKYPADQRRSAIMGALRIAQTEKGWLAPETIAFVADYIGISPAQAYEVATFYNMYDLEPVGKYKLTVCTNLPCALRGGMATGEYLKQKLGISYGETTPDGKFTLVEGECMGACGDAPVMLLNNHKMCSFMTEEAIEKKLAELE,157
MR10,MGHHHHHHSHMSDESPIIFTDSCCAKVADLIAEENNPDLKLRVFVNGGGCSGFQYGFTFDEIKNDDDFEIEKNGLVFLVDPMSYQYLVGAEIDYTESLQGSQFVIRNPNAETTCGCGSSFSV,C,MSDESPIIFTDSCCAKVADLIAEENNPDLKLRVFVNGGGCSGFQYGFTFDEIKNDDDFEIEKNGLVFLVDPMSYQYLVGAEIDYTESLQGSQFVIRNPNAETTCGCGSSFSVLE,114
MR11,MGHHHHHHSHMSSPRHVFYISDRTGLTAENIGEALLNQFGNLSFKRHTHPFVDTPEKARAVVEKVNRSRQENGQRPIAFVSVVDDEIRRIIKGADAFQINFFETFLGLLEKELNTEATASEQGHHSIGNTKRYDARMEAVNFSLNHDDGVSDKNLQEADVILMGVSRSGKTPTCLYLALQYGIRAANYPLIPDDLESADLPRMVKPYRDKLFGLTIQPERLQAIRQERRPNSTYAKIDTCRSEVADAQSMFRRHGIPFANTTDKSVEELAVHILQACKLKRRF,C,MSSPRHVFYISDRTGLTAENIGEALLNQFGNLSFKRHTHPFVDTPEKARAVVEKVNRSRQENGQRPIAFVSVVDDEIRRIIKGADAFQINFFETFLGLLEKELNTEATASEQGHHSIGNTKRYDARMEAVNFSLNHDDGVSDKNLQEADVILMGVSRSGKTPTCLYLALQYGIRAANYPLIPDDLESADLPRMVKPYRDKLFGLTIQPERLQAIRQERRPNSTYAKIDTCRSEVADAQSMFRRHGIPFANTTDKSVEELAVHILQACKLKRRF,273
MR18,MGHHHHHHSHMQHEEGNRQRPQGELLLRTVAMPRDTNPNQDIFGGWIMSQMDLGGGILAAEIARGRIVTVAVQEMNFIRPVKVGNVVCCYGHCVRVGNTSLQLKVEVWVKTLMNDCVTEDRHLVTEAVFTYVAIDAEGNPRPIPKEGNPILAGLLPTP,C,MQHEEGNRQRPQGELLLRTVAMPRDTNPNQDIFGGWIMSQMDLGGGILAAEIARGRIVTVAVQEMNFIRPVKVGNVVCCYGHCVRVGNTSLQLKVEVWVKTLMNDCVTEDRHLVTEAVFTYVAIDAEGNPRPIPKEGNPILAGLLPTPLE,150
MR19,MGHHHHHHSHMMVFDDIAKRKIRFQTRRGLLELDLIFGRFMEKEFEHLSDKELSEFSEILEFQDQELLALINGHSETDKGHLIPMLEKIRRA,C,MMVFDDIAKRKIRFQTRRGLLELDLIFGRFMEKEFEHLSDKELSEFSEILEFQDQELLALINGHSETDKGHLIPMLEKIRRALE,84
MR21,MGHHHHHHSHMMKTLLPFFGVVRVSGEDRQTFLHGQLSNDINNLQTGQACYATYNTPKGRVIANMIVVNRGGDLLLIMAQDLLEATVKRLRMFVLRAKAVFEILEDYAVGAELEASAEPLAAQEPNLAFAAQQDSDGICSIALPHGGILRIAPKNTLPPYDAAAENAWRLHEIRSGYPWICAATKETAVAQMLNQHIIGGVHFKKGCYPGQEIIARAQYRGQVKRGLAVLSGNSAAEAGSVLAADGEEAGIVLDSVQDSENFTALAVIKFSAAQKELTVPNGGIFKAVHLFFKTENAE,C,MMKTLLPFFGVVRVSGEDRQTFLHGQLSNDINNLQTGQACYATYNTPKGRVIANMIVVNRGGDLLLIMAQDLLEATVKRLRMFVLRAKAVFEILEDYAVGAELEASAEPLAAQEPNLAFAAQQDSDGICSIALPHGGILRIAPKNTLPPYDAAAENAWRLHEIRSGYPWICAATKETAVAQMLNQHIIGGVHFKKGCYPGQEIIARAQYRGQVKRGLAVLSGNSAAEAGSVLAADGEEAGIVLDSVQDSENFTALAVIKFSAAQKELTVPNGGIFKAVHLFFKTENAE,288
MR23,MGHHHHHHSHMNLSNHFLVAMPDMEDAFFSQSVVYICKHDEDGALGIAINKPSPITMDMIFSATGKNIPFRMQHDSVMMGGPVQVERGYVVHTPIGNWQSSIGVSDNIALTSSRDVIENISREGAVDKILISIGYSSWGKGQLERELADNAWLTVPADEHILFDIPYEHRYAAAFAKLGIDPLALFSGAGHA,C,MNLSNHFLVAMPDMEDAFFSQSVVYICKHDEDGALGIAINKPSPITMDMIFSATGKNIPFRMQHDSVMMGGPVQVERGYVVHTPIGNWQSSIGVSDNIALTSSRDVIENISREGAVDKILISIGYSSWGKGQLERELADNAWLTVPADEHILFDIPYEHRYAAAFAKLGIDPLALFSGAGHA,182
MR25,MGHHHHHHSHMITLTENAAKHINDYLAKRGKGLGVRLGVKTSGCSGMAYNLEFVDEADGDDLIFEGHGARIYIDPKSLVYLDGTQVDYTKEGLQEGFKFENPNVKDSCGCGESFHV,C,MITLTENAAKHINDYLAKRGKGLGVRLGVKTSGCSGMAYNLEFVDEADGDDLIFEGHGARIYIDPKSLVYLDGTQVDYTKEGLQEGFKFENPNVKDSCGCGESFHVLE,108
MR30,MGHHHHHHSHMSGAESYRHITVLLNEAVDALAVREDGVYVDGTFGRGGHSRLILSRLGDAGRLIVFDKDPQAIAVAEELARSDKRVGVVHGGFASFQTALDGLGIGKVDGALFDLGISSPQIDDGSRGFSFRFDAPLDMRMDTTRGMSAAEWIAVASEQDLHEVIKNYGEERFSRQIARAIVAQRAESPIDTTRKLAQIVAQNVRTRERGQDPATRTFQAIRIFINRELEEVGAVLPQVMCRLKEGGRLAVIAFHSLEDRIVKQFVKKYSQHAPLPRWAAVREADLPEPPLKIAGRALKPGEAEIAANPRARSAVLRVAERTAGPIPEQSQRKTSEWQ,C,MSGAESYRHITVLLNEAVDALAVREDGVYVDGTFGRGGHSRLILSRLGDAGRLIVFDKDPQAIAVAEELARSDKRVGVVHGGFASFQTALDGLGIGKVDGALFDLGISSPQIDDGSRGFSFRFDAPLDMRMDTTRGMSAAEWIAVASEQDLHEVIKNYGEERFSRQIARAIVAQRAESPIDTTRKLAQIVAQNVRTRERGQDPATRTFQAIRIFINRELEEVGAVLPQVMCRLKEGGRLAVIAFHSLEDRIVKQFVKKYSQHAPLPRWAAVREADLPEPPLKIAGRALKPGEAEIAANPRARSAVLRVAERTAGPIPEQSQRKTSEWQ,328
MR31,MGHHHHHHSHMAAAAAARKGGFWQRFAGKGVVQHCQSPTAPLPEACADMLWSNLGLLAAESIVPVLQNWARALKTDGLLFFTCFGRDTLAELKCRLKENGIESRSVMFPDMHDLGDMLAENGFYDPVTDTAKLVLDYKKAETFWADMDTLGIWRAMAWNDENAARSCVGTIFEREGGLGITLETVYGHAVKKLMLPQGENVVQFFPKR,C,MAAAAAARKGGFWQRFAGKGVVQHCQSPTAPLPEACADMLWSNLGLLAAESIVPVLQNWARALKTDGLLFFTCFGRDTLAELKCRLKENGIESRSVMFPDMHDLGDMLAENGFYDPVTDTAKLVLDYKKAETFWADMDTLGIWRAMAWNDENAARSCVGTIFEREGGLGITLETVYGHAVKKLMLPQGENVVQFFPKR,198
MR6,MGHHHHHHSHMVLRRDFLTWCNETLQTALFKDYAPNGLQVEGREYIGKIVTSVTASRAAIDFAVEQKADLLLVHHGMFWKNELPTVTGWKKERIAALLRHDINMAGYHLPLDAHPTLGNNAQLADRLGFATEKRFGEQNLLNSGSLKQAKTLGALAAHIETVLQRKPVVIGKPEREIRRVAWCSGGAQGFFQTAIDEGVDLYLTGEISEAQYHLANETGTAFISAGHHATERYGVRALAESAAEVFGLEVCHFDENNPA,C,MVLRRDFLTWCNETLQTALFKDYAPNGLQVEGREYIGKIVTSVTASRAAIDFAVEQKADLLLVHHGMFWKNELPTVTGWKKERIAALLRHDINMAGYHLPLDAHPTLGNNAQLADRLGFATEKRFGEQNLLNSGSLKQAKTLGALAAHIETVLQRKPVVIGKPEREIRRVAWCSGGAQGFFQTAIDEGVDLYLTGEISEAQYHLANETGTAFISAGHHATERYGVRALAESAAEVFGLEVCHFDENNPA,249
MaR262,MGHHHHHHSHMPESYWEKVSGKNIPSSLDLYPIIHNYLQEDDEILDIGCGSGKISLELASLGYSVTGIDINSEAIRLAETAARSPGLNQKTGGKAEFKVENASSLSFHDSSFDFAVMQAFLTSVPDPKERSRIIKEVFRVLKPGAYLYLVEFGQNWHLKLYRKRYLHDFPITKEEGSFLARDPETGETEFIAHHFTEKELVFLLTDCRFEIDYFRVKELETRTGNKILGFVIIAQKL,C,MPESYWEKVSGKNIPSSLDLYPIIHNYLQEDDEILDIGCGSGKISLELASLGYSVTGIDINSEAIRLAETAARSPGLNQKTGGKAEFKVENASSLSFHDSSFDFAVMQAFLTSVPDPKERSRIIKEVFRVLKPGAYLYLVEFGQNWHLKLYRKRYLHDFPITKEEGSFLARDPETGETEFIAHHFTEKELVFLLTDCRFEIDYFRVKELETRTGNKILGFVIIAQKL,227
MhR18,MGHHHHHHSHMANSAGSMATLSDFFPEADPVLEKNYRRCVDLAINMSWSVPGQFKLVETPINSFLLVGDVLPNDMIESKPVNSTNLVNIPFPLSTLGVSTSKKSVEVTSYKSETEKFQEAASISEHSIRGSIVYEGLTWITAMGYNVTDFLVNMLEQMKCPENWSGLHPVDPLACVWLLYFGPKSRCSEIACVSELFIGKKGPILLPPHMYRGDTSVNSFAHHLCQYVKHLYADYEPEILSCPLDITRVKGCLSDLRQVAESCVFLSQRCLLCHLYKQNAAVSKNILTASDCIILGGSGKSLLGTYMKSYKDPATHDSILLPTYNLEAIVNYILEHYGHETAGQEINWE,N,MANSAGSMATLSDFFPEADPVLEKNYRRCVDLAINMSWSVPGQFKLVETPINSFLLVGDVLPNDMIESKPVNSTNLVNIPFPLSTLGVSTSKKSVEVTSYKSETEKFQEAASISEHSIRGSIVYEGLTWITAMGYNVTDFLVNMLEQMKCPENWSGLHPVDPLACVWLLYFGPKSRCSEIACVSELFIGKKGPILLPPHMYRGDTSVNSFAHHLCQYVKHLYADYEPEILSCPLDITRVKGCLSDLRQVAESCVFLSQRCLLCHLYKQNAAVSKNILTASDCIILGGSGKSLLGTYMKSYKDPATHDSILLPTYNLEAIVNYILEHYGHETAGQEINWE,339
MrR5,MGHHHHHHSHMAFGKPAMKNVPVEAGKEYEVTIEDMGKGGDGIARIDGFVVFVPNAEKGSVINVKVTAVKEKFAFAERV,C,MAFGKPAMKNVPVEAGKEYEVTIEDMGKGGDGIARIDGFVVFVPNAEKGSVINVKVTAVKEKFAFAERVLE,71
OR106,MGHHHHHHSHMASATTSSKNGKPLVVVYGDYKAPYAKELDEKVMPKLRKNYIDNHKVEYQFVNLAFLGSESILGSAASHAVLMYAPKSFLDFQKQLFAAQQDENSSWLNFEQLDKHIKQLHLDKETENKISTDYLSSDSKSWKAAEKDKKIAKDNHIKTTPTAFINGEKVEDPYDYESYEKLLKDKIKLELE,N,MASATTSSKNGKPLVVVYGDYKAPYAKELDEKVMPKLRKNYIDNHKVEYQFVNLAFLGSESILGSAASHAVLMYAPKSFLDFQKQLFAAQQDENSSWLNFEQLDKHIKQLHLDKETENKISTDYLSSDSKSWKAAEKDKKIAKDNHIKTTPTAFINGEKVEDPYDYESYEKLLKDKIKLELE,182
OR150,MGHHHHHHSHMGSEIGTGFPFDPHYVEVLGERMHYVDVGPRDGTPVLFLHGNPTSSYLWRNIIPHVAPSHRCIAPDLIGMGKSDKPDLDYFFDDHVRYLDAFIEALGLEEVVLVIHDWGSALGFHWAKRNPERVKGIACMEFIRPIPTWDEWPEFARETFQAFRTADVGRELIIDQNAFIEGALPMGVVRPLTEVEMDHYREPFLKPVDREPLWRFPNELPIAGEPANIVALVEAYMNWLHQSPVPKLLFWGTPGVLIPPAEAARLAESLPNCKTVDIGPGLFLLQEDNPDLIGSEIARWLPGLAG*,N,MGSEIGTGFPFDPHYVEVLGERMHYVDVGPRDGTPVLFLHGNPTSSYLWRNIIPHVAPSHRCIAPDLIGMGKSDKPDLDYFFDDHVRYLDAFIEALGLEEVVLVIHDWGSALGFHWAKRNPERVKGIACMEFIRPIPTWDEWPEFARETFQAFRTADVGRELIIDQNAFIEGALPMGVVRPLTEVEMDHYREPFLKPVDREPLWRFPNELPIAGEPANIVALVEAYMNWLHQSPVPKLLFWGTPGVLIPPAEAARLAESLPNCKTVDIGPGLFLLQEDNPDLIGSEIARWLPGLAG*,297
OR151,MGHHHHHHSHMAEIGTGFPFDPHYVEVLGERMHYVDVGPRDGTPVLFLHGNPTSSYVWRNIIPHVAPTHRCIAPDLIGMGKSDKPDLGYFFDDHVRFMDAFIEALGLEEVVLVIHDWGSALGFHWAKRNPERVKGIAFMEFIRPIPTWDEWPEFARETFQAFRTTDVGRKLIIDQNVFIEGTLPMGVVRPLTEVEMDHYREPFLNPVDREPLWRFPNELPIAGEPANIVALVEEYMDWLHQSPVPKLLFWGTPGVLIPPAEAARLAKSLPNCKAVDIGPGLNLLQEDNPDLIGSEIARWLSTLEISG*,N,MAEIGTGFPFDPHYVEVLGERMHYVDVGPRDGTPVLFLHGNPTSSYVWRNIIPHVAPTHRCIAPDLIGMGKSDKPDLGYFFDDHVRFMDAFIEALGLEEVVLVIHDWGSALGFHWAKRNPERVKGIAFMEFIRPIPTWDEWPEFARETFQAFRTTDVGRKLIIDQNVFIEGTLPMGVVRPLTEVEMDHYREPFLNPVDREPLWRFPNELPIAGEPANIVALVEEYMDWLHQSPVPKLLFWGTPGVLIPPAEAARLAKSLPNCKAVDIGPGLNLLQEDNPDLIGSEIARWLSTLEISG*,298
OR389,MGHHHHHHSHMNNRNHDVLSRMISEKAALHGLLNCLIKEFAIPEGYLRYEWPDEMKGIPPGAYFDGADWKGIPMMIGLPDQLQLFVMVDRRDTFGSQHYLSDVYLRQAQGDWQCPDFEPLVARLLAACEHIAGRKNPELYEQILQSQRLVSAIVSHNGRQRADAPLQHYLQSEQGLWFGHPIHPAPKARLWPAHLGQEQWAPEFQARAALHQFEVPVDGLHIGANGLTPQQVLDGFADQQPASPGHAIICMHPVQAQLFMQDARVQQLLRDNVIRDLGQSGRVASPTASIRTWFIDDHDYFIKGSLNVRIQGSVRKNAWYELESTVLIDRLFRQLLDQHADTLGGLVAAAEPGVVSWSPAAAGELDSHWFREQTGGILRENFCRRTGAERSIMAGTLFARGVDLQPMIQTFLRTHYGEALDDNALLYWFDDYQTRLLRPVLSLFFNHGVVMDPSLYNSVLVHQQGRPQQVLLREFESVKLTDDLGIRYIDDDIHPRVRQSLLYSREQGWNRIMYCLFIEHLSETILALSQGRPQLAPLMWRRVQQQLRAIQGELKQPSPELDALIAGHPVACSTNLKVRLAAEADRQASYVRLPSPWGHAVQHGSEVQHDERRHGDVRHEEARHGEVQHGGS,C,MNNRNHDVLSRMISEKAALHGLLNCLIKEFAIPEGYLRYEWPDEMKGIPPGAYFDGADWKGIPMMIGLPDQLQLFVMVDRRDTFGSQHYLSDVYLRQAQGDWQCPDFEPLVARLLAACEHIAGRKNPELYEQILQSQRLVSAIVSHNGRQRADAPLQHYLQSEQGLWFGHPIHPAPKARLWPAHLGQEQWAPEFQARAALHQFEVPVDGLHIGANGLTPQQVLDGFADQQPASPGHAIICMHPVQAQLFMQDARVQQLLRDNVIRDLGQSGRVASPTASIRTWFIDDHDYFIKGSLNVRIQGSVRKNAWYELESTVLIDRLFRQLLDQHADTLGGLVAAAEPGVVSWSPAAAGELDSHWFREQTGGILRENFCRRTGAERSIMAGTLFARGVDLQPMIQTFLRTHYGEALDDNALLYWFDDYQTRLLRPVLSLFFNHGVVMDPSLYNSVLVHQQGRPQQVLLREFESVKLTDDLGIRYIDDDIHPRVRQSLLYSREQGWNRIMYCLFIEHLSETILALSQGRPQLAPLMWRRVQQQLRAIQGELKQPSPELDALIAGHPVACSTNLKVRLAAEADRQASYVRLPSPWGHAVQHGSEVQHDERRHGDVRHEEARHGEVQHGGS,622
OR667,MGHHHHHHSHMSEIGTGFPFDPHYVEVLGERMHYVDVGPRDGTPVLFLHGNPTSSYLWRNIIPHVAPSHRCIAPDLIGMGKSDKPDLDYFFDDHVRYLDAFIEALGLEEVVLVIHDWGSALGFHWAKRNPERVKGIACMEFIRPIPTWDEWPEFARELFQAFRTADVGRELIIDQNAFIEQVLPKFVVRPLTEVEMDHYREPFLKPVDREPLWRFPNELPIAGEPANIVALVEAYMNWLHQSPVPKLLFWGTPGVLIPPAEAARLAESLPNCKTVDIGPGLFYLQEDNPDLIGSEIARWLPA,C,MSEIGTGFPFDPHYVEVLGERMHYVDVGPRDGTPVLFLHGNPTSSYLWRNIIPHVAPSHRCIAPDLIGMGKSDKPDLDYFFDDHVRYLDAFIEALGLEEVVLVIHDWGSALGFHWAKRNPERVKGIACMEFIRPIPTWDEWPEFARELFQAFRTADVGRELIIDQNAFIEQVLPKFVVRPLTEVEMDHYREPFLKPVDREPLWRFPNELPIAGEPANIVALVEAYMNWLHQSPVPKLLFWGTPGVLIPPAEAARLAESLPNCKTVDIGPGLFYLQEDNPDLIGSEIARWLPA,292
OR84,MGHHHHHHSHMDDAPNFVLEDTNGKRIELSDLKGKGVFLNFWGTWCPHCKKEFPYMANQYKHFKSQGVEIVAVNVGESKIAVHNFMKSYGVNFPVVLDTDRQVLDAYASTPLPTTFLINPEGKIVLTNFGTMTESAIHDYMNLIKPGETSGLE,N,MDDAPNFVLEDTNGKRIELSDLKGKGVFLNFWGTWCPHCKKEFPYMANQYKHFKSQGVEIVAVNVGESKIAVHNFMKSYGVNFPVVLDTDRQVLDAYASTPLPTTFLINPEGKIVLTNFGTMTESAIHDYMNLIKPGETSGLELE,145
PR73,MGHHHHHHSHMAYEISKKVLHIVGKTNATYKLIEEGDKILLGLSGGKDSIMLACILARMQKHAPFKFDFKAVTVHYGLGEDLKWLSDLCQEQGIEHEIIYTQIAATINEKRREKSSFCSFCSRLRRGTLYSKALEEGYNKVAIAHHLDDAVESFFMNFTYNGSLRSMPPIYRAENGLLVIRPLIKVREASSIHFVTSQNIPVAPDCNCPAKQPTSDKPPIARLATKNFLKEMQNLHPRFFDSLENAFNNVQANSFSDAKYLDA,C,MAYEISKKVLHIVGKTNATYKLIEEGDKILLGLSGGKDSIMLACILARMQKHAPFKFDFKAVTVHYGLGEDLKWLSDLCQEQGIEHEIIYTQIAATINEKRREKSSFCSFCSRLRRGTLYSKALEEGYNKVAIAHHLDDAVESFFMNFTYNGSLRSMPPIYRAENGLLVIRPLIKVREASSIHFVTSQNIPVAPDCNCPAKQPTSDKPPIARLATKNFLKEMQNLHPRFFDSLENAFNNVQANSFSDAKYLDA,253
PfR67,MGHHHHHHSHMEPRPMILEDSPEIPAGAEEEVDAGEETVEQFFAHSKGNTVYISFATTDMKITIGINHDNATLEELVNAVKDLLSELRKRK,C,MEPRPMILEDSPEIPAGAEEEVDAGEETVEQFFAHSKGNTVYISFATTDMKITIGINHDNATLEELVNAVKDLLSELRKRKLE,83
PlR127,MGHHHHHHSHMRKTLIALMFAAALPTVAMAMPEGHGPMGPMDGPRHSEHMRGKGPFSQLDLSREQRQQIGKLMGEQMHDRKAVVEKYLEKLSPADQKAMKDELTAKHQKTQADIRALLKPEQQKEFDTIVKKQEERRAEWAEFKAWKAQQPQKAQ,C,MRGKGPFSQLDLSREQRQQIGKLMGEQMHDRKAVVEKYLEKLSPADQKAMKDELTAKHQKTQADIRALLKPEQQKEFDTIVKKQEERRAEWAEFLE,96
PlR27,MGHHHHHHSHMQHFSRSVALLALSAGTLTSLPALAADELHYNQISLRAEVSQEVARDLMIVTLYSESQNTDPAKLAAEITTTMNKALDQARQVKDVTLRQGSRNSYPIYDGKGQKITGWRERAELRLESSDFAALSKLTGELLGDLKMGGMDFAIADPTRKASEDALLKDAVKAFKARAQLATEALGGKGYKIVNLNLNSNGYPQPYMRAPMMMKAASMDSAPVTPEVEAGTSQVSMTADGAIEVLMP,C,MQHFSRSVALLALSAGTLTSLPALAADELHYNQISLRAEVSQEVARDLMIVTLYSESQNTDPAKLAAEITTTMNKALDQARQVKDVTLRQGSRNSYPIYDGKGQKITGWRERAELRLESSDFAALSKLTGELLGDLKMGGMDFAIADPTRKASEDALLKDAVKAFKARAQLATEALGGKGYKIVNLNLNSNGYPQPYMRAPMMMKAASMDSAPVTPEVEAGTSQVSMTADGAIEVLMP,238
QR48,MGHHHHHHSHMKKTKFSSYEEYRNYFKRLIDLERRAQTELHLKEIKTLSGKEREKRGRAILNLRAKFLGRGLGGVYLVRYSRPQGLPKTEISTGDIVLVSKGKPTVKEVQGTVAEKTNYYLVVAFRDKPPPYALGKDVRIDLFSNEITFKRMEEALKNFKEHPLRDFILGKKV,C,MKKTKFSSYEEYRNYFKRLIDLERRAQTELHLKEIKTLSGKEREKRGRAILNLRAKFLGRGLGGVYLVRYSRPQGLPKTEISTGDIVLVSKGKPTVKEVQGTVAEKTNYYLVVAFRDKPPPYALGKDVRIDLFSNEITFKRMEEALKNFKEHPLRDFILGKKV,163
QR61,MGHHHHHHSHMVKLDYEPVYDITADAGIRVRAKTLEELFCHAILATFNEITDIDKVEPKEEYEIQAQNDMPFLLADIINEALVLHESKHFVASECEVLELKEDFVKVKLKGEKFDPKRHPSKLVIKAATYHRLRVEKKNEHWEAEVIFDI,N,MVKLDYEPVYDITADAGIRVRAKTLEELFCHAILATFNEITDIDKVEPKEEYEIQAQNDMPFLLADIINEALVLHESKHFVASECEVLELKEDFVKVKLKGEKFDPKRHPSKLVIKAATYHRLRVEKKNEHWEAEVIFDILE,142
QR84,MGHHHHHHSHMLCYVNYKRVKRPVEIPNLEVEIGFGRGDFIVKLAKENPDKNFFGIEISQISIEKLMKRVGKKGLKNVYCTNVDAYWGFYFLFRDNYVENIYMNYPDPWFKKRHHKRRLTKPERLYMFAKKLKLGGEIRIRTDNYEFLEFTKESAKVLDCFEVEEGTLNVKEPLTKYEQKWLSMGKTLYKLILRKVKEPKFVEHPEVEEVRELFPVKVKVESVDPKKIESREIKLDEEVYFKTFKVWQRDKDFLVECLLSEKGYLQKFFIQIKRKEDGYVIDVSPYSEVLRTRNLQRSIQTVAQLLS,N,MLCYVNYKRVKRPVEIPNLEVEIGFGRGDFIVKLAKENPDKNFFGIEISQISIEKLMKRVGKKGLKNVYCTNVDAYWGFYFLFRDNYVENIYMNYPDPWFKKRHHKRRLTKPERLYMFAKKLKLGGEIRIRTDNYEFLEFTKESAKVLDCFEVEEGTLNVKEPLTKYEQKWLSMGKTLYKLILRKVKEPKFVEHPEVEEVRELFPVKVKVESVDPKKIESREIKLDEEVYFKTFKVWQRDKDFLVECLLSEKGYLQKFFIQIKRKEDGYVIDVSPYSEVLRTRNLQRSIQTVAQLLS,297
RR87,MGHHHHHHSHMPSTADTVEVDFITPRHLAGGGDPAWITVPLHRACGWSHGHDPLMPRALLSSPDQKALLRLEPDPDGQWWTLNHTAESGRPAWYASFGARTPVELIAAFTDALTAPAPPTDAPCDPFEPLRQIAWSAPAVGADGLVSPDGTAYVQRQGSADGPGAWFVTVTLGPRPVWQARFDAHTPEHLVAAFTTALADPKPALRTDSGRSLPTRNPNVVTRKTTDVLAVDIAGALEERVQTLTTRHPLPPANPMPPTPPPTRHGRSR,C,MPSTADTVEVDFITPRHLAGGGDPAWITVPLHRACGWSHGHDPLMPRALLSSPDQKALLRLEPDPDGQWWTLNHTAESGRPAWYASFGARTPVELIAAFTDALTAPAPPTDAPCDPFEPLRQIAWSAPAVGADGLVSPDGTAYVQRQGSADGPGAWFVTVTLGPRPVWQARFDAHTPEHLVAAFTTALADPKPALRTDSGRSLPTRNPNVVTRKTTDVLAVDIAGALEERVQTLTTRHPLPPANPMPPTPPPTRHGRSR,259
SR10,MNHKVHHHHHHSSGRENLYFQGHMAYNKEEKIKSLNRMQYEVTQNNGTEPPFQNEYWDHKEEGLYVDIVSGKPLFTSKDKFDSQCGWPSFTKPIEEEVEEKLDTSHGMIRTEVRSRTADSHLGHVFNDGPGPNGLRYCINSAALRFVPKHKLKEEGYESYLHLFNK,C,MAYNKEEKIKSLNRMQYEVTQNNGTEPPFQNEYWDHKEEGLYVDIVSGKPLFTSKDKFDSQCGWPSFTKPIEEEVEEKLDTSHGMIRTEVRSRTADSHLGHVFNDGPGPNGLRYCINSAALRFVPKHKLKEEGYESYLHLFNKLE,145
SR112,MGHHHHHHSHMELYECIQDIFGGLKNPSVKDLATSLKQIPNAAKLSQPYIKEPDQYAYGRNAIYRNNELEIIVINIPPNKETTVHDHGQSIGCAMVLEGKLLNSIYRSTGEHAELSNSYFVHEGECLISTKGLIHKMSNPTSERMVSLHVYSPPLEDMTVFEEQKEVLENS,N,MELYECIQDIFGGLKNPSVKDLATSLKQIPNAAKLSQPYIKEPDQYAYGRNAIYRNNELEIIVINIPPNKETTVHDHGQSIGCAMVLEGKLLNSIYRSTGEHAELSNSYFVHEGECLISTKGLIHKMSNPTSERMVSLHVYSPPLEDMTVFEEQKEVLENS,161
SR115,MGHHHHHHSHMKRARIIYNPTSGREIFKKHLAQVLQKFEQAGYETSTHATTCAGDATHAAKEAALREFDLIIAAGGDGTINEVVNGLAPLDNRPTLGVIPVGTTNDFARALGIPREDILKAADTVINGVARPIDIGQVNGQYFINIAGGGRLTELTYDVPSKLKTMLGQLAYYLKGMEMLPSLRPTEVEIEYDGKLFQGEIMLFLVTLTNSVGGFEKLAPDSSLNDGMFDLMILKKANLAEFIRVATMALRGEHINDQHIIYTKANRVKVNVSEKMQLNLDGEYGGMLPGEFVNLYRHIHVVMPKEKAEQLDD,N,MKRARIIYNPTSGREIFKKHLAQVLQKFEQAGYETSTHATTCAGDATHAAKEAALREFDLIIAAGGDGTINEVVNGLAPLDNRPTLGVIPVGTTNDFARALGIPREDILKAADTVINGVARPIDIGQVNGQYFINIAGGGRLTELTYDVPSKLKTMLGQLAYYLKGMEMLPSLRPTEVEIEYDGKLFQGEIMLFLVTLTNSVGGFEKLAPDSSLNDGMFDLMILKKANLAEFIRVATMALRGEHINDQHIIYTKANRVKVNVSEKMQLNLDGEYGGMLPGEFVNLYRHIHVVMPKEKAEQLDD,303
SR117,MGHHHHHHSHMRENNLHTVCEEAKCPNIHECWAVRRTATFMILGSVCTRACRFCAVKTGLPTELDLQEPERVADSVALMNLKHAVITAVARDDQKDGGAGIFAETVRAIRRKSPFTTIEVLPSDMGGNYDNLKTLMDTRPDILNHNIETVRRLTPRVRARATYDRSLEFLRRAKEMQPDIPTKSSIMIGLGETKEEIIEVMDDLLANNVDIMAIGQYLQPTKKHLKVQKYYHPDEFAELKEIAMQKGFSHCEAGPLVRSSYHADEQVNEASKKRQAQA,N,MRENNLHTVCEEAKCPNIHECWAVRRTATFMILGSVCTRACRFCAVKTGLPTELDLQEPERVADSVALMNLKHAVITAVARDDQKDGGAGIFAETVRAIRRKSPFTTIEVLPSDMGGNYDNLKTLMDTRPDILNHNIETVRRLTPRVRARATYDRSLEFLRRAKEMQPDIPTKSSIMIGLGETKEEIIEVMDDLLANNVDIMAIGQYLQPTKKHLKVQKYYHPDEFAELKEIAMQKGFSHCEAGPLVRSSYHADEQVNEASKKRQAQA,268
SR119,MGHHHHHHSHMCYNRESNFANQTIDFYCYTEYNGFMTTKGANVMTEVEMKEQVQEVLDKLRPFLLRDGGDCELVDVDEGIVKLRLLGACGSCPSSTITLKAGIERALLEEVPGVVEVEQVF,N,MCYNRESNFANQTIDFYCYTEYNGFMTTKGANVMTEVEMKEQVQEVLDKLRPFLLRDGGDCELVDVDEGIVKLRLLGACGSCPSSTITLKAGIERALLEEVPGVVEVEQVFLE,113
SR120,MGHHHHHHSHMTSEQIPNRVLLFDGVCNLCNGAVQFIIKRDPDGLISFTSLQSETGQSLLKKSGLPTDRFDSFVFIEDGQVYTKSTAAIKVFRHLRGPWRLFVLFFAVPKPVRDMVYSFIAKNRYKWFGKKNECMLPSPSIKKRFLP,N,MTSEQIPNRVLLFDGVCNLCNGAVQFIIKRDPDGLISFTSLQSETGQSLLKKSGLPTDRFDSFVFIEDGQVYTKSTAAIKVFRHLRGPWRLFVLFFAVPKPVRDMVYSFIAKNRYKWFGKKNECMLPSPSIKKRFLPLE,139
SR136,MGHHHHHHSHMYKFCANALKVILSLRGGVKVYNKENLPADSGFVIACTHSGWVDVITLGVGILPYQIHYMAKKELFQNKWIGSFLKKIHAFPVDRENPGPSSIKTPIKLLKEGEIVGIFPSGTRTSEDVPLKRGAVTIAQMGKAPLVPAAYQGPSSGKELFKKGKMKLIIGEPLHQADFAHLPSKERLAAMTEALNQRIKELENKLDQL,N,MYKFCANALKVILSLRGGVKVYNKENLPADSGFVIACTHSGWVDVITLGVGILPYQIHYMAKKELFQNKWIGSFLKKIHAFPVDRENPGPSSIKTPIKLLKEGEIVGIFPSGTRTSEDVPLKRGAVTIAQMGKAPLVPAAYQGPSSGKELFKKGKMKLIIGEPLHQADFAHLPSKERLAAMTEALNQRIKELENKLDQL,199
SR148,MGHHHHHHSHMNQWMELADRVLAGAEVTDEEALSILHCPDEDILLLMHGAFHIRKHFYGKKVKLNMIMNAKSGLCPENCGYCSQSAISKAPIESYRMVNKETLLEGAKRAHDLNIGTYCIVASGRGPSNREVDQVVDAVQEIKETYGLKICACLGLLKPEQAKRLKDAGVDRYNHNLNTSQRNHSNITTSHTYDDRVNTVEIAKESGLSPCSGAIIGMKETKQDVIDIAKSLKALDADSIPVNFLHAIDGTPLEGVNELNPLYCLKVLALFRFINPSKEIRISGGREVNLRTLQPLGLYAANSIFVGDYLTTAGQEETEDHKMLSDLGFEVESVEEMKASLSAKS,N,MNQWMELADRVLAGAEVTDEEALSILHCPDEDILLLMHGAFHIRKHFYGKKVKLNMIMNAKSGLCPENCGYCSQSAISKAPIESYRMVNKETLLEGAKRAHDLNIGTYCIVASGRGPSNREVDQVVDAVQEIKETYGLKICACLGLLKPEQAKRLKDAGVDRYNHNLNTSQRNHSNITTSHTYDDRVNTVEIAKESGLSPCSGAIIGMKETKQDVIDIAKSLKALDADSIPVNFLHAIDGTPLEGVNELNPLYCLKVLALFRFINPSKEIRISGGREVNLRTLQPLGLYAANSIFVGDYLTTAGQEETEDHKMLSDLGFEVESVEEMKASLSAKS,335
SR168,MGHHHHHHSHMSDIYQHFRKDERAFIDQALEWKRIVQEQYRMKLTDFLDPREQVILSAVTGQADVGLAFSGGYDRAERKRAILFPEYITPEESDFELQAFNVRYADKFVSVDHRSLLGALMGIGLKRQKFGDIVFSETAVQLIVSADTADFVAAQLTQAGKAAVSLEKIDLSDLNIPAVDVEIRDDTVSSLRLDAVCASMSRQSRQKSQTLVKNGLVKVNWKVVEDPSYIVAEGDMLSIRGFGRCSLTKIEGKTKKDKWRVTFERQK,N,MSDIYQHFRKDERAFIDQALEWKRIVQEQYRMKLTDFLDPREQVILSAVTGQADVGLAFSGGYDRAERKRAILFPEYITPEESDFELQAFNVRYADKFVSVDHRSLLGALMGIGLKRQKFGDIVFSETAVQLIVSADTADFVAAQLTQAGKAAVSLEKIDLSDLNIPAVDVEIRDDTVSSLRLDAVCASMSRQSRQKSQTLVKNGLVKVNWKVVEDPSYIVAEGDMLSIRGFGRCSLTKIEGKTKKDKWRVTFERQK,257
SR185,MGHHHHHHSHMCGKFTLFSEFDDIIEQFNIDQFLPEGEYHPSYNVAPSQNILTIINDGSNNRLGKLRWGLIPPCAKDEKIGYKMINARAETLAEKPSFRKPLGSKRCIIPADSFYEWKRLDPKTKIPMRIKLKSSNLFAFAGLYEKWNTLEGNLLYTCTIITIKPSELMEDIHDRMPVILTDENKKEWLNPKNTDPDYLQSLLLPYDADDMEAYQVSSLVNSPELIESH,N,MCGKFTLFSEFDDIIEQFNIDQFLPEGEYHPSYNVAPSQNILTIINDGSNNRLGKLRWGLIPPCAKDEKIGYKMINARAETLAEKPSFRKPLGSKRCIIPADSFYEWKRLDPKTKIPMRIKLKSSNLFAFAGLYEKWNTLEGNLLYTCTIITIKPSELMEDIHDRMPVILTDENKKEWLNPKNTDPDYLQSLLLPYDADDMEAYQVSSLVNSPELIESH,219
SR271,MGHHHHHHSHMKLIVAVVQDQDSNRLLKTLTDHNFRVTKLATTGGFLKSGNTTFMIGVEDIRVNKALSLIKENGQKRDQMIAPVSPMGGNADSYVPYPVEVEVGGATVFVLPVDEFHQF,C,MKLIVAVVQDQDSNRLLKTLTDHNFRVTKLATTGGFLKSGNTTFMIGVEDIRVNKALSLIKENGQKRDQMIAPVSPMGGNADSYVPYPVEVEVGGATVFVLPVDEFHQFLE,111
SR277,MGHHHHHHSHMAIIIAIIAAVIVIAALITFNVRNASPGPEKQEATDRIAPPEEEKNEAHYPAEARAAEHTPSVVKNDSPKEKRDTMGDDIYRQALQKFKHSDEVHAEEEVTEESDKMQDRSYRDALLSMKNKKK,C,MAIIIAIIAAVIVIAALITFNVRNASPGPEKQEATDRIAPPEEEKNEAHYPAEARAAEHTPSVVKNDSPKEKRDTMGDDIYRQALQKFKHSDEVHAEEEVTEESDKMQDRSYRDALLSMKNKKKLE,126
SR286,MGHHHHHHSHMMSKDGINSKDFLIGTLIGGIIGATTALFLAPKSGKELRDDLGSQAVALRDKTDKMTADAKEKGTQYVSIAKDKTSNITQLVADQSGQIMNKVKDLRDRSKSDKTDSSTAMQDMREEAMQAADETKDQVLQTKEDVKDELKDAQKQAEQLNR,C,MMSKDGINSKDFLIGTLIGGIIGATTALFLAPKSGKELRDDLGSQAVALRDKTDKMTADAKEKGTQYVSIAKDKTSNITQLVADQSGQIMNKVKDLRDRSKSDKTDSSTAMQDMREEAMQAADETKDQVLQTKEDVKDELKDAQKQAEQLNR,152
SR338,MGHHHHHHSHMEQYSEACIEACIDCMKACNHCFTKCLEESVQHHLSGCIRLDRECADICALAVKAMQTDSPFMKEICALCADICEACGTECGKHDHDHCQACAKACFTCAEQCRSMAA,C,MEQYSEACIEACIDCMKACNHCFTKCLEESVQHHLSGCIRLDRECADICALAVKAMQTDSPFMKEICALCADICEACGTECGKHDHDHCQACAKACFTCAEQCRSMAALE,110
SR357,MGHHHHHHSHMASRNKLVVPGVEQALDQFKLEVAQEFGVNLGSDTVARANGSVGGEMTKRLVQQAQSQLNGTTK,N,MASRNKLVVPGVEQALDQFKLEVAQEFGVNLGSDTVARANGSVGGEMTKRLVQQAQSQLNGTTKLE,66
SR362,MGHHHHHHSHMRYRAVFPMLIIVFALSGCTLSTINPMKKSRIDNIHHTQILFFSDENQIDQEAPYYDALLDLEKDYPEQIDKMKVYDKKEGWEDEIETVPTLMVVDQRHVVVKIEGCVKKKEDIIKPLQHVLSK,C,MRYRAVFPMLIIVFALSGCTLSTINPMKKSRIDNIHHTQILFFSDENQIDQEAPYYDALLDLEKDYPEQIDKMKVYDKKEGWEDEIETVPTLMVVDQRHVVVKIEGCVKKKEDIIKPLQHVLSKLE,126
SR370,MGHHHHHHSHMSLFSGTIQNLENALSRADIKQKVITNNIANIDTPNYKAKKVSFQNLLDQESSRLEAIKTDYRHVDFSDTDSNYSIVASGDTSYQQNGNNVDVDKEMTELAQNQINYQALVERMNGKFNSLKTVLTGGK,C,MSLFSGTIQNLENALSRADIKQKVITNNIANIDTPNYKAKKVSFQNLLDQESSRLEAIKTDYRHVDFSDTDSNYSIVASGDTSYQQNGNNVDVDKEMTELAQNQINYQALVERMNGKFNSLKTVLTGGKLE,131
SR373,MLAPLTKDQVTKRALLPHVLLRGTKSHPKTAGLRSYLDELYGTSVSADLTKKGERHVITFRLEIPNEKYLKDQTPLLEKGLQLLAELVFSPALEGDAFQSQYVAQVKTDAAAALEHHHHHH,N,MLAPLTKDQVTKRALLPHVLLRGTKSHPKTAGLRSYLDELYGTSVSADLTKKGERHVITFRLEIPNEKYLKDQTPLLEKGLQLLAELVFSPALEGDAFQSQYVAQVKTDA,110
SR382,MGHHHHHHSHMRFTKVVGFLSVLGLAAVFPLTAQAEKAGTAGAGEWDKLGTYTYTYSSPTVYSTGGDFRVCLSGSTPFSVSLHLYEDDPGDNPDDYVGANYFSPGECHTFGSIGKFVDGSNNKAEFFVTDYSGKSKTVTFYD,C,MRFTKVVGFLSVLGLAAVFPLTAQAEKAGTAGAGEWDKLGTYTYTYSSPTVYSTGGDFRVCLSGSTPFSVSLHLYEDDPGDNPDDYVGANYFSPGECHTFGSIGKFVDGSNNKAEFFVTDYSGKSKTVTFYDLE,134
SR416,MGHHHHHHSHMTSYDQIWETFLNNCETSDFDVPQQEEDIYKSIRNAILHFNNRLRDNLKADNSTETVNRELSEDDLLILAHFLRYIFLLNKKTLFENTWQPFTNDVGIKNFGTQLNSLKQSVMDQKDEIERLILNAAVDYL,N,MTSYDQIWETFLNNCETSDFDVPQQEEDIYKSIRNAILHFNNRLRDNLKADNSTETVNRELSEDDLLILAHFLRYIFLLNKKTLFENTWQPFTNDVGIKNFGTQLNSLKQSVMDQKDEIERLILNAAVDYLLE,133
SR460,MKSKFEASIDNLKEIEMNAYAYELIREIVLPDMLGQDYSSMMYWAGKHLARKFPLESWEEFPAFFEEAGWGTLTNVSAKKQELEFELEGPIISNRLKHQKEPCFQLEAGFIAEQIQLMNDQIAESYEQVKKRADKVVLTVKWDMKDPVMAGDPLEHHHHHH,N,MKSKFEASIDNLKEIEMNAYAYELIREIVLPDMLGQDYSSMMYWAGKHLARKFPLESWEEFPAFFEEAGWGTLTNVSAKKQELEFELEGPIISNRLKHQKEPCFQLEAGFIAEQIQLMNDQIAESYEQVKKRADKVVLTVKWDMKDPV,148
SR462,MGHHHHHHSHMANNNSGNSNNLLVPGAAQAIDQMKLEIASEFGVNLGADTTSRANGSVGGEITKRLVSFAQQNMGGGQF,C,MANNNSGNSNNLLVPGAAQAIDQMKLEIASEFGVNLGADTTSRANGSVGGEITKRLVSFAQQNMGGGQFLE,71
SR470,MGHHHHHHSHMVNQGSPQLVSLVDPYVYQTIKKLIGSRFVIQTVRDTVRGRLIDVKPDHITIEGARNSVCLIRIQHMISVTPDYSERV,N,MVNQGSPQLVSLVDPYVYQTIKKLIGSRFVIQTVRDTVRGRLIDVKPDHITIEGARNSVCLIRIQHMISVTPDYSERVLE,80
SR475,MGHHHHHHSHMDYRRDGQNDQHQTEPSHTEQQNTENQKLIGHSEQELLDAPVSYEAGRQETASALEMEKQETAVKKEKKRRAAWLSPILGGIIGGGSCLASRLICRQTKIRRPKPLPQINRCSLIILQRRR,C,MDYRRDGQNDQHQTEPSHTEQQNTENQKLIGHSEQELLDAPVSYEAGRQETASALEMEKQETAVKKEKKRRAAWLSPILGGIIGGGSCLASRLICRQTKIRRPKPLPQINRCSLIILQRRRLE,123
SR502,MGHHHHHHSHMIDLKIETAENILKYSYVLLENEFKNIQIGNDLIPLVNNSPLKKEKAERPEMNHFLLTKYNAVEENILYSSKILYELLEKEKHIDQLFLDYAKSQGIIINLNIERILYLSLTFLYSLGKVSFNQNMISRTES,N,MIDLKIETAENILKYSYVLLENEFKNIQIGNDLIPLVNNSPLKKEKAERPEMNHFLLTKYNAVEENILYSSKILYELLEKEKHIDQLFLDYAKSQGIIINLNIERILYLSLTFLYSLGKVSFNQNMISRTESLE,134
SR577,MGHHHHHHSHMGNNSESKGSASDSKGAETFTYKAENGNVKIPKHPKRVVVMADGYYGYFKTLGINVVGAPENVFKNPYYKGKTNGVENIGDGTSVEKVIDLNPDLIIVWTTQGADIKKLEKIAPTVAVKYDKLDNIEQLKEFAKMTGTEDKAEKWLAKWDKKVAAAKTKIKKAVGDKTISIMQTNGKDIYVFGKDFGRGGSIIYKDLGLQATKLTKEKAIDQGPGYTSISLEKLPDFAGDYIFAGPWQSGGDDGGVFESSIWKNLNAVKNGHVYKMDPIGFYFTDPISLEGQLEFITESLTK,C,MGNNSESKGSASDSKGAETFTYKAENGNVKIPKHPKRVVVMADGYYGYFKTLGINVVGAPENVFKNPYYKGKTNGVENIGDGTSVEKVIDLNPDLIIVWTTQGADIKKLEKIAPTVAVKYDKLDNIEQLKEFAKMTGTEDKAEKWLAKWDKKVAAAKTKIKKAVGDKTISIMQTNGKDIYVFGKDFGRGGSIIYKDLGLQATKLTKEKAIDQGPGYTSISLEKLPDFAGDYIFAGPWQSGGDDGGVFESSIWKNLNAVKNGHVYKMDPIGFYFTDPISLEGQLEFITESLTK,292
SR73,MGHHHHHHSHMKDGQMLTEWPSHLPWLNQSQNDFTFPSDTYLLLYFWSMSCPNCHQFTDKVLQDIKDMNVKVIGVHVPYIEEEKSMEVVLTYALDRGLAIPIVLDQNYEIVTTCHVQGIPSFCLLSQYGQIITKTMGDVSWDKMLKKIAGL,C,MKDGQMLTEWPSHLPWLNQSQNDFTFPSDTYLLLYFWSMSCPNCHQFTDKVLQDIKDMNVKVIGVHVPYIEEEKSMEVVLTYALDRGLAIPIVLDQNYEIVTTCHVQGIPSFCLLSQYGQIITKTMGDVSWDKMLKKIAGLLE,143
SeR8,MGHHHHHHSHMPTENPTMFDQVAEVIERLRPFLLRDGGDCTLVDVEDGIVKLQLHGACGTCPSSTIDLKAGIERALHEEVPGVIEVEQVF,C,MPTENPTMFDQVAEVIERLRPFLLRDGGDCTLVDVEDGIVKLQLHGACGTCPSSTITLKAGIERALHEEVPGVIEVEQVFLE,82
SfR79,MGSSHHHHHHSSGRENLYFQGMNVEGMATGGIHMELHCPKCQHVLDQDNGHARCPSCGEFIEMKALCPDCHQPLQVLKACGAVDYFCQHGHGLISKKRVEFVLA,C,MAGDPMNVEGMATGGIHMELHCPKCQHVLDQDNGHARCPSCGEFIEMKALCPDCHQPLQVLKACGAVDYFCQHGHGLISKKRVEFVLALE,90
SoR176,MGHHHHHHSHMANSLSSTQTDYRLSDDLLGPVLAILDAYIDPYLAKGLVSAGCVNKLAIEGKRLQLGLVYPYPCMTQYRDTVMALTNKLAVLDAIDEVECEIDFQPKVYSAIASIAPIANVKQVIAVASGKGGVGKSTTAVNLALALAAEGAQVGILDADIYGPSVPLMLGIPNFRPVSPDGKHMTAASAYGIAAQSIGFMLSGDEAAVWRGPMAAGALAQLLNETQWPELDYLVVDMPPGTGDIQLTLSQKVPVSGAVIVTTPQDIALADAKKGITMFQKVNIPVLGIVENMSFHLCPECGHKEHPFGTHGGSKMAERYQVPLLGALPLHINIREAMDVGAPTVVAEPDSEVAALYREIARKVGAELALKQSQKTVSISVSDDE,C,MANSLSSTQTDYRLSDDLLGPVLAILDAYIDPYLAKGLVSAGCVNKLAIEGKRLQLGLVYPYPCMTQYRDTVMALTNKLAVLDAIDEVECEIDFQPKVYSAIASIAPIANVKQVIAVASGKGGVGKSTTAVNLALALAAEGAQVGILDADIYGPSVPLMLGIPNFRPVSPDGKHMTAASAYGIAAQSIGFMLSGDEAAVWRGPMAAGALAQLLNETQWPELDYLVVDMPPGTGDIQLTLSQKVPVSGAVIVTTPQDIALADAKKGITMFQKVNIPVLGIVENMSFHLCPECGHKEHPFGTHGGSKMAERYQVPLLGALPLHINIREAMDVGAPTVVAEPDSEVAALYREIARKVGAELALKQSQKTVSISVSDDE,375
SpR105,MGHHHHHHENLYFQSHMMGHHHHHHSHMSRLLVIGCGGVAQVAISKICQDSETFTEIMIASRTKSKCDDLKAKLEGKTSTKIETAALDADKVEEVIALIGSYKPEAVLNVALPYQDLTIMDACLATGVHYIDTANYEAEDTEDPEWRAIYEKRCKELGFTAYFDYSWQWAYQEKFKEAGLTALLGSGFDPGVTSVFSAYALKHYFDEIHYIDILDCNGGDHGYPFATNFNPEINLREVSAPGSYWEDGKWVEVEAMSIKREYDFPQVGQKDMYLLHHEEIESLAKNIPGVKRIRFFMTFGQSYLTHMKCLENVGLLRTDTINFNGQEIVPIQFLKALLPDPASLGPRTVGKTNIGCIFTGVKDGVEKTIYIYNVCDHQECYAEVGSQAISYTTGVPAMIGTKLVMNGTWKQAGVYNLEELDPDPFMEALNEYGLPWVVVENPQMVD*,C,MGHHHHHHENLYFQSHMMGHHHHHHSHMSRLLVIGCGGVAQVAISKICQDSETFTEIMIASRTKSKCDDLKAKLEGKTSTKIETAALDADKVEEVIALIGSYKPEAVLNVALPYQDLTIMDACLATGVHYIDTANYEAEDTEDPEWRAIYEKRCKELGFTAYFDYSWQWAYQEKFKEAGLTALLGSGFDPGVTSVFSAYALKHYFDEIHYIDILDCNGGDHGYPFATNFNPEINLREVSAPGSYWEDGKWVEVEAMSIKREYDFPQVGQKDMYLLHHEEIESLAKNIPGVKRIRFFMTFGQSYLTHMKCLENVGLLRTDTINFNGQEIVPIQFLKALLPDPASLGPRTVGKTNIGCIFTGVKDGVEKTIYIYNVCDHQECYAEVGSQAISYTTGVPAMIGTKLVMNGTWKQAGVYNLEELDPDPFMEALNEYGLPWVVVENPQMVD*,447
SpR36,MNHKVHHHHHHSSGRENLYFQGHMRTYENKEELKAEIEKTFEKYILEFDNIPENLKDKRADEVDRTPAENLAYQVGWTNLVLKWEEDERKGLQVKTPSDKFKWNQLGELYQWFTDTYAHLSLQELKAKLNENINSISAMIDSLSEEELFEPHMRKWADEATKTATWEVYKFIHVNTVAPFGTFRTKIRKWKKIVL,N,MLRTYENKEELKAEIEKTFEKYILEFDNIPENLKDKRADEVDRTPAENLAYQVGWTNLVLKWEEDERKGLQVKTPSDKFKWNQLGELYQWFTDTYAHLSLQELKAKLNENINSISAMIDSLSEEELFEPHMRKWADEATKTATWEVYKFIHVNTVAPFGTFRTKIRKWKKIVL,173
SrR104,MGHHHHHHSHMHSVPSTGFPQSEFSGPFWTGRGVACARPNRYVWTARPSDQSSRRMSTSFSRRLRRLQSQKETALCVGLDPVPARFPPSLQDGRLRTDAVRAFCTTIVEATAPYACAFKPNFAFFEALGPAGLTVLDQVVTTIPDDCLVLGDAKRGDIGHSARHYAASIYEELGLDACTVSPYLGRDSVMPFLEHEGTCTFVLARTSNDGAADLQEACTCDGTPLYRHVARRVQAWNADAPGGAGLVVGATAPAALQDLRSLCPSLPFLVPGVGAQGGDAAAVMDAAATDEGPVLVNSSRSILYASEGPNYANAAADAARALRDALNGGASSSRGAPSPPA,C,MHSVPSTGFPQSEFSGPFWTGRGVACARPNRYVWTARPSDQSSRRMSTSFSRRLRRLQSQKETALCVGLDPVPARFPPSLQDGRLRTDAVRAFCTTIVEATAPYACAFKPNFAFFEALGPAGLTVLDQVVTTIPDDCLVLGDAKRGDIGHSARHYAASIYEELGLDACTVSPYLGRDSVMPFLEHEGTCTFVLARTSNDGAADLQEACTCDGTPLYRHVARRVQAWNADAPGGAGLVVGATAPAALQDLRSLCPSLPFLVPGVGAQGGDAAAVMDAAATDEGPVLVNSSRSILYASEGPNYANAAADAARALRDALNGGASSSRGAPSPPA,331
StR69,MGHHHHHHSHMANSAGSMNLDEIINSMTPEVYQRLSTAVELGKWPDGVALTPEQKENSLQLVMLWQARHNTEAQHMTIDTHGQMVMKSKQQLKADFGITSKPIATLKMQ,C,MNLDEIINSMTPEVYQRLSTAVELGKWPDGVALTPEQKENSLQLVMLWQARHNTEAQHMTIDTHGQMVMKSKQQLKADFGITSKPIATLKMQMAGDPLE,99
SuR80,MGHHHHHHSHMSETTQTSQSLYQALWNSADVLRSKMDANDYKSYLLGMVFYKYLSDKMLFFVAETMEEETESLDEALAVYRKYYEDEETHEDLLAVITDEMSYAIHPDLTFTALVERVNDGSFQLEDLAQGFRDIEQSDELYENLFEDIDLYSKKLGATPQKQNQTVAAVMKELAVLDVAGHAGDMLGDAYEYLIGQFATDSGKKAGEFYTPQPVAKLMTQIAFLGREDKQGFTLYDATMGSGSLLLNAKRYSRQPQTVVYFGQELNTSTYNLARMNMILHGVPIENQFLHNADTLDEDWPTQEPTNFDGVLMNPPYSAKWSASSGFMDDPRFSPFGKLAPKSKADFAFLLHGYYHLKQDNGVMAIVLPHGVLFRGNAEGTIRKALLEEGAIDTVIGLPANIFFNTSIPTTVIILKKNRTNRDVYFIDASKEFDKGKNQNIMTDAHIEKILNAYKSREDIDKFAHLASFEEIVENDYNLNIPRYVDTFEEEEVEPLTEIVAKINQTNATIESQTASLLDMLGQLHGTTPEADEELKAFVKAFKG,C,MSETTQTSQSLYQALWNSADVLRSKMDANDYKSYLLGMVFYKYLSDKMLFFVAETMEEETESLDEALAVYRKYYEDEETHEDLLAVITDEMSYAIHPDLTFTALVERVNDGSFQLEDLAQGFRDIEQSDELYENLFEDIDLYSKKLGATPQKQNQTVAAVMKELAVLDVAGHAGDMLGDAYEYLIGQFATDSGKKAGEFYTPQPVAKLMTQIAFLGREDKQGFTLYDATMGSGSLLLNAKRYSRQPQTVVYFGQELNTSTYNLARMNMILHGVPIENQFLHNADTLDEDWPTQEPTNFDGVLMNPPYSAKWSASSGFMDDPRFSPFGKLAPKSKADFAFLLHGYYHLKQDNGVMAIVLPHGVLFRGNAEGTIRKALLEEGAIDTVIGLPANIFFNTSIPTTVIILKKNRTNRDVYFIDASKEFDKGKNQNIMTDAHIEKILNAYKSREDIDKFAHLASFEEIVENDYNLNIPRYVDTFEEEEVEPLTEIVAKINQTNATIESQTASLLDMLGQLHGTTPEADEELKAFVKAFKG,534
TaR29,MGHHHHHHSHMAGEKAQKKGKEKWKEKTWYTVESPPYLGSKEVTVALGEDPESMVNRIVEVPISDLTGNFKKSNEKALFRITGCEGTKCKTIFIGHYIGDDYIRRLVRRRKERIDIIEDVKTSDGSIITVKIVVVSDGKLTNTKKSEIRKALTSFIVSKGSQLSYADFVRYLIGDDSYNDMVEATKNIYPLRKIEIRKSELVSLSGMQEPQKNEPAPGGEAIAQN,C,MAGEKAQKKGKEKWKEKTWYTVESPPYLGSKEVTVALGEDPESMVNRIVEVPISDLTGNFKKSNEKALFRITGCEGTKCKTIFIGHYIGDDYIRRLVRRRKERIDIIEDVKTSDGSIITVKIVVVSDGKLTNTKKSEIRKALTSFIVSKGSQLSYADFVRYLIGDDSYNDMVEATKNIYPLRKIEIRKSELVSLSGMQEPQKNEPAPGGEAIAQN,215
TaR84,MGHHHHHHSHMIGAILAGGYGKRLKPITDSIPKALVEIKDNYTIMDRQLFDFSIMGIEAVYILSGYLGNKIEERYGSRYRDMNIYYLREEKPLGTLYSLRNLIDEVKDDDIVLRNGDTVTDVNFLNFLKKAQDQKYYITMYVTRMKSPFGIVETFGDQIVQFREKPELNHYINAGLYYIKSDAFPYFFEKYIDRDLETTVFPRMAREGLIGSYTEEAMWIGIDSEKDLERIRADYRNREDYPWGYLKVLYDDDRSRLLEYAIKAGSDTEIDCGDGCILRIQSGLGTFGDSSDEKFRNGDVRSISGKVRVNAFENTRLELIISKK,C,MIGAILAGGYGKRLKPITDSIPKALVEIKDNYTIMDRQLFDFSIMGIEAVYILSGYLGNKIEERYGSRYRDMNIYYLREEKPLGTLYSLRNLIDEVKDDDIVLRNGDTVTDVNFLNFLKKAQDQKYYITMYVTRMKSPFGIVETFGDQIVQFREKPELNHYINAGLYYIKSDAFPYFFEKYIDRDLETTVFPRMAREGLIGSYTEEAMWIGIDSEKDLERIRADYRNREDYPWGYLKVLYDDDRSRLLEYAIKAGSDTEIDCGDGCILRIQSGLGTFGDSSDEKFRNGDVRSISGKVRVNAFENTRLELIISKK,314
VfR100,MGHHHHHHSHMRDERKAEHKAKRGEHRQPTAEMKADHQAMQDLILADNFDEQAVRDLAEKMSQRQIDRRVEMMKKRHEMMNILTPEQKAEFKANQDKYIADCAH,C,MQPTAEMKADHQAMQDLILADNFDEQAVRDLAEKMSQRQIDRRVEMMKKRHEMMNILTPEQKAEFKANQDKYIADCAHLE,80
VpR106,MGHHHHHHSHMKQKLLVTLLGLSALGASPVFAANTNVDLAEDAYIYGYSIDEAYKFFYHTAVENNYPLNRFQNIRALADDSYTAHPTINNDTLHLMGWLDVAAEPVIVSVPDMDEGRYWILHTMDMGHYTNAAFSSRTRGTKGGQFMFAAQDWQGEVPASVDEVVRVDSNLVKLMGRIMAVNDEDAKVALNYMDQWNIRTLSEYLGKNGPKPVQRTYPDPKKSTWLERVNFVLCDGSMGNADKQWLDKYQSIGVEPCKTDFTPEQLKLAKVGEKKGMEHLVELAPKMTDARTLLGTRDTLGDAPRDIFAEGTYLGQWGLPPIEASYRKSDFDSIGQKLDGSKHDYVMRFKAPNVSEFWSVTIYGNDNRLMAKNDLNRHSRGDRTMKADKDGYYTIYMSANEKGRADDPNFLPVPEKPFYAIMRFYGADDAIQSGEYQMPEIKVVK,C,MKQKLLVTLLGLSALGASPVFAANTNVDLAEDAYIYGYSIDEAYKFFYHTAVENNYPLNRFQNIRALADDSYTAHPTINNDTLHLMGWLDVAAEPVIVSVPDMDEGRYWILHTMDMGHYTNAAFSSRTRGTKGGQFMFAAQDWQGEVPASVDEVVRVDSNLVKLMGRIMAVNDEDAKVALNYMDQWNIRTLSEYLGKNGPKPVQRTYPDPKKSTWLERVNFVLCDGSMGNADKQWLDKYQSIGVEPCKTDFTPEQLKLAKVGEKKGMEHLVELAPKMTDARTLLGTRDTLGDAPRDIFAEGTYLGQWGLPPIEASYRKSDFDSIGQKLDGSKHDYVMRFKAPNVSEFWSVTIYGNDNRLMAKNDLNRHSRGDRTMKADKDGYYTIYMSANEKGRADDPNFLPVPEKPFYAIMRFYGADDAIQSGEYQMPEIKVVK,435
VpR147,MGHHHHHHSHMIRINEIKLPLDHEEGALLDAITKKLGIPAEKVISFNVFRRGYDARKKTNIHLIYTLDIIVEGDETALLAKFANDPHVRQTPDMEYKFVAKAPENLTERPIVIGFGPCGLFAGLVLAQMGFNPIIVERGKEVRERTKDTFGFWRKRTLNPESNVQFGEGGAGTFSDGKLYSQVKDPNFYGRKVITEFVEAGAPEEILYVSKPHIGTFKLVTMIEKMRATIIELGGEIRFSTRVDGLHMEDGQITGVTLSNGEEIKSRHVVLAVGHSARDTFEMLHERGVYMEAKPFSVGFRIEHKQSMIDEARFGPNAGHPILGAADYKLVHHCKNGRTVYSFCMCPGGTVVAATSEEGRVVTNGMSQYSRAERNANSAIVVGISPEVDYPGDPLAGIRFQRELESNAYKLGGENYDAPAQKIGDFLKGRDPSQLGDVEPSFTPGIKLTDLSKALPPFAVEAIREAIPAFDRKIKGFASEDGLLTGVETRTSSPVCIKRGKDFQSVNLKGFYPAGEGAGYAGGILSAGIDGIKVAEAVARDIVAAMENA,N,MIRINEIKLPLDHEEGALLDAITKKLGIPAEKVISFNVFRRGYDARKKTNIHLIYTLDIIVEGDETALLAKFANDPHVRQTPDMEYKFVAKAPENLTERPIVIGFGPCGLFAGLVLAQMGFNPIIVERGKEVRERTKDTFGFWRKRTLNPESNVQFGEGGAGTFSDGKLYSQVKDPNFYGRKVITEFVEAGAPEEILYVSKPHIGTFKLVTMIEKMRATIIELGGEIRFSTRVDGLHMEDGQITGVTLSNGEEIKSRHVVLAVGHSARDTFEMLHERGVYMEAKPFSVGFRIEHKQSMIDEARFGPNAGHPILGAADYKLVHHCKNGRTVYSFCMCPGGTVVAATSEEGRVVTNGMSQYSRAERNANSAIVVGISPEVDYPGDPLAGIRFQRELESNAYKLGGENYDAPAQKIGDFLKGRDPSQLGDVEPSFTPGIKLTDLSKALPPFAVEAIREAIPAFDRKIKGFASEDGLLTGVETRTSSPVCIKRGKDFQSVNLKGFYPAGEGAGYAGGILSAGIDGIKVAEAVARDIVAAMENA,539
VpR164,MGHHHHHHSHMKSAKKLVLAAVVLPLTLGTASAFAFGGKDHHKGPRDECGMGMDRGIMRDLNLTDAQKDQLQSFRDANRAEMKGKYSQNREARMAERQAHHAKMQSLLLADTFDEAQATALAKEMVERQTEHRVKMLERKHQMLSVLTPEQKAEFVKLQNERMQECGDQMQQRMGKHRNN,C,MKSAKKLVLAAVVLPLTLGTASAFAFGGKDHHKGPRDECGMGMDRGIMRDLNLTDAQKDQLQSFRDANRAEMKGKYSQNREARMAERQAHHAKMQSLLLADTFDEAQATALAKEMVERQTEHRVKMLERKHQMLSVLTPEQKAEFVKLQNERMQECGDQMQQRMGKHRNN,170
VpR168,MGHHHHHHSHMLFDRYESGERAVLVHINFTQEGEWEDLAEFEMLVSSAGVETLQVVTGSRQSPHPKYYVGEGKAQEIATTVHLTGAEIVIFNHSLSPAQERNLEALCKCRVLDRTGLILDIFAQRARTHEGKLQVELAQLRHISTRLIRGWTHLERQKGGIGLRGPGETQLETDRRLLRERIKAILRRLEKVAKQREQGRRARNRAEIPTISLVGYTNAGKSTLFNRITEAGVYAADQLFATLDPTLRKMELADVGPAILADTVGFIRHLPHDLVAAFKATLQETQEADILLHVVDASDERFRENIQAVHEVLEEIDAHEVPTLVVMNKIDNLESQTPRIERDEEGVPRAVWVSAMEGLGIELLFDALTERLASQMVEHQLRIPPQYQGRFRSTFFQMKCIQREEYDQDGNLLIDIRMQQVDWSRLEKREGAVLTDFIVT,C,MLFDRYESGERAVLVHINFTQEGEWEDLAEFEMLVSSAGVETLQVVTGSRQSPHPKYYVGEGKAQEIATTVHLTGAEIVIFNHSLSPAQERNLEALCKCRVLDRTGLILDIFAQRARTHEGKLQVELAQLRHISTRLIRGWTHLERQKGGIGLRGPGETQLETDRRLLRERIKAILRRLEKVAKQREQGRRARNRAEIPTISLVGYTNAGKSTLFNRITEAGVYAADQLFATLDPTLRKMELADVGPAILADTVGFIRHLPHDLVAAFKATLQETQEADILLHVVDASDERFRENIQAVHEVLEEIDAHEVPTLVVMNKIDNLESQTPRIERDEEGVPRAVWVSAMEGLGIELLFDALTERLASQMVEHQLRIPPQYQGRFRSTFFQMKCIQREEYDQDGNLLIDIRMQQVDWSRLEKREGAVLTDFIVT,430
VpR180,MGHHHHHHSHMSGKERNLPTHRISRFSKFASLATRVAGNVIAEGTKQIAKGNRPKAKDLLLTPQNIARLTDQLAHLRGAAMKLGQMLSMDAGDILEPELAEILARLRSNADPMPSKQLNSVMVNALGEQWKSAFLAFNFKPIASASIGQVHQAYSDAGDNLAVKVQYPGIRKSIDSDVDNVGTLLKIVGLIPESVDYKGLLEEAKKQLYDEANYEREAQFACRYHEALQGHPHFVVPKIYPEISSQSVLAMSFIQGTPIEKIANYDQETRDFVMHNLLELLFKELFEFKMVQTDPNFANYLYLEESKQIGLLDFGATREYSERFSSGYRQAFSSVVNDDEQGLNDALEQIGFFAQSIKPEQRMAILDLVKMACEPMLIDEAYDFKASGLAQKLREAGTILSMEQDYWHTPPADAIFLHRKIGGMYLLAARIGAKVNIRRLVQPYLKINSG,C,MSGKERNLPTHRISRFSKFASLATRVAGNVIAEGTKQIAKGNRPKAKDLLLTPQNIARLTDQLAHLRGAAMKLGQMLSMDAGDILEPELAEILARLRSNADPMPSKQLNSVMVNALGEQWKSAFLAFNFKPIASASIGQVHQAYSDAGDNLAVKVQYPGIRKSIDSDVDNVGTLLKIVGLIPESVDYKGLLEEAKKQLYDEANYEREAQFACRYHEALQGHPHFVVPKIYPEISSQSVLAMSFIQGTPIEKIANYDQETRDFVMHNLLELLFKELFEFKMVQTDPNFANYLYLEESKQIGLLDFGATREYSERFSSGYRQAFSSVVNDDEQGLNDALEQIGFFAQSIKPEQRMAILDLVKMACEPMLIDEAYDFKASGLAQKLREAGTILSMEQDYWHTPPADAIFLHRKIGGMYLLAARIGAKVNIRRLVQPYLKINSG,440
WR68,MGHHHHHHSHMSAIEVTADAASTWDWPLQHNDGVVKVHNTKEKFEVGLDVQFFTPKEIEVKVSGQELLIHCRHETRSDNHGTVAREINRAYKLPDDVDVSTVKSHLATRGVLTITASKKA,C,MSAIEVTADAASTWDWPLQHNDGVVKVHNTKEKFEVGLDVQFFTPKEIEVKVSGQELLIHCRHETRSDNHGTVAREINRAYKLPDDVDVSTVKSHLATRGVLTITASKKALE,112
WsR35,MGHHHHHHENLYFQSHMMGHHHHHHSHMAKVLQIGAGGVGGVVAHKMAMNREVFSHITLASRTLSKCQEIAQSIKAKGYGEIDITTVDADSIEELVALINEVKPQIVLNIALPYQDLTIMEACLRTGVPYLDTANYEHPDLAKFEYKEQWAFHDRYKEKGVMALLGSGFDPGVTNVFCAYAQKHYFDEIHEIDILDCNAGDHGYPFATNFNPEINLREVSSKGRYWENGEWIETEPMEIMQVWDYPEVGPKDSYLLYHEELESLVRNIKGLKRIRFFMTFGQSYLTHMRCLENVGMLRIDEIEVNGCKVVPIQVLKALLPDPASLASRTKGKTNIGCYIKGIKEGKARTIYIYNVCDHESCYREVNAQAISYTTGVPAMIGAKLMLEGKWSGKGVFNMEELDPDPFMDELNKQGLPWEVKEMEA*,C,MGHHHHHHENLYFQSHMMGHHHHHHSHMAKVLQIGAGGVGGVVAHKMAMNREVFSHITLASRTLSKCQEIAQSIKAKGYGEIDITTVDADSIEELVALINEVKPQIVLNIALPYQDLTIMEACLRTGVPYLDTANYEHPDLAKFEYKEQWAFHDRYKEKGVMALLGSGFDPGVTNVFCAYAQKHYFDEIHEIDILDCNAGDHGYPFATNFNPEINLREVSSKGRYWENGEWIETEPMEIMQVWDYPEVGPKDSYLLYHEELESLVRNIKGLKRIRFFMTFGQSYLTHMRCLENVGMLRIDEIEVNGCKVVPIQVLKALLPDPASLASRTKGKTNIGCYIKGIKEGKARTIYIYNVCDHESCYREVNAQAISYTTGVPAMIGAKLMLEGKWSGKGVFNMEELDPDPFMDELNKQGLPWEVKEMEA*,425
XR1,MGHHHHHHSHMAFAPPLPIRRRKVLIPRPRSRFLLVTCPKCGNRQVVFSHSTFRARCLNCGEVLVEPTGGKARILGKIERIYG,N,MAFAPPLPIRRRKVLIPRPRSRFLLVTCPKCGNRQVVFSHSTFRARCLNCGEVLVEPTGGKARILGKIERIYGLE,75
XR10,MGHHHHHHSHMALGERRYRRKQEGYGSQRRPEQKRFAKVTKKQVLVITCTVCGRKRPFLGIRLKRLELVDVVR,N,MALGERRYRRKQEGYGSQRRPEQKRFAKVTKKQVLVITCTVCGRKRPFLGIRLKRLELVDVVRLE,65
XR3,MGKVRIRLVKRTARKLLEKYPDLFTGDFEHNKRVVSQLIEYRSKKLRNQIAGYITHLVNMASKRKKAEEASARIAAALEHHHHHH,N,MGKVRIRLVKRTARKLLEKYPDLFTGDFEHNKRVVSQLIEYRSKKLRNQIAGYITHLVNMASKRKKAEEASARI,74
XR4,MGHHHHHHSHMGGCDPMDEAARGALDLLGRIGGELGVLGVGTGRTVMRFLREASARGVEPGVAVPSSFETAVELAGLGWSVGDPRVYRGVNVYVDGADEAEPGRGYMVKGGGGALLGEKILSSRSKLNIFIVGEDRLVGRLGEKTPVPVEVEPGFVSMVLASLEELGLNPRVRTSPGKRGPVVSDWGGVIVDLLTGPLEDPRGLESMLRNVPGVRETGLFLGLADYIVVGLSSCGYRVLGPYRGRAV,N,MGGCDPMDEAARGALDLLGRIGGELGVLGVGTGRTVMRFLREASARGVEPGVAVPSSFETAVELAGLGWSVGDPRVYRGVNVYVDGADEAEPGRGYMVKGGGGALLGEKILSSRSKLNIFIVGEDRLVGRLGEKTPVPVEVEPGFVSMVLASLEELGLNPRVRTSPGKRGPVVSDWGGVIVDLLTGPLEDPRGLESMLRNVPGVRETGLFLGLADYIVVGLSSCGYRVLGPYRGRAV,237
ZR29,MGHHHHHHSHMKVGIDAGGTLIKIVQEQDNQRTFKTELTKNIDQVVEWLNQQQIEKLCLTGGNAGVIAENINIPAQIFVEFDAASQGLGILLKEQGHDLADYIFANVGTGTSLHYFDGQSQRRVGGIGTGGGMIQGLGYLLSQITDYKQLTDMAQHGDRNTIDLKVRHIYKDTEPPIPGDLTAANFGHVLHHLDADFTPSNKLAAVIGVVGEVVTTMAITVAREFKTENIVYIGSSFHNNALLRKVVEDYTVLRGCKPYYVENGAFSGAIGALYLEK,C,MKVGIDAGGTLIKIVQEQDNQRTFKTELTKNIDQVVEWLNQQQIEKLCLTGGNAGVIAENINIPAQIFVEFDAASQGLGILLKEQGHDLADYIFANVGTGTSLHYFDGQSQRRVGGIGTGGGMIQGLGYLLSQITDYKQLTDMAQHGDRNTIDLKVRHIYKDTEPPIPGDLTAANFGHVLHHLDADFTPSNKLAAVIGVVGEVVTTMAITVAREFKTENIVYIGSSFHNNALLRKVVEDYTVLRGCKPYYVENGAFSGAIGALYLEK,267
ZR5,MGHHHHHHSHMSNAERLSHFMSTNPEVRLWDILQTNFKAKALKEKVYIEYDKIKATLWNRRSMRVEFNPNKLSHDEVLWLKQNIISYLDDVSFTRLDLAFDFEFDLNDYYALSDKSAKKTIFYGRNVKPETKYFGVRNSDRFIRIYNKNKNVKIMQMLKLIQHFYGVWKLN,C,MSNAERLSHFMSTNPEVRLWDILQTNFKAKALKEKVYIEYDKIKATLWNRRSMRVEFNPNKLSHDEVLWLKQNIISYLDDVSFTRLDLAFDFEFDLNDYYALSDKSAKKTIFYGRNVKPETKYFGVRNSDRFIRIYNKNKNVKIMQMLKLIQHFYGVWKLN,161
